bbref_id,season,Name,Age,Level,Team,G,PA,AB,R,H,X1B,X2B,X3B,HR,RBI,BB,IBB,uBB,SO,HBP,SH,SF,GDP,SB,CS,BA,OBP,SLG,OPS
ozunama01,2020,Marcell Ozuna,29,Maj-NL,Atlanta,60,267,228,38,77,45,14,0,18,56,38,3,35,60,0,0,1,3,0,0,0.338,0.431,0.636,1.067
lindofr01,2020,Francisco Lindor,26,Maj-AL,Cleveland,60,266,236,30,61,40,13,0,8,27,24,2,22,41,4,0,2,8,6,2,0.259,0.335,0.415,0.75
biggica01,2020,Cavan Biggio,25,Maj-AL,Toronto,59,265,220,41,55,31,16,0,8,28,41,0,41,61,3,0,0,2,6,0,0.25,0.375,0.432,0.807
merriwh01,2020,Whit Merrifield,31,Maj-AL,Kansas City,60,265,248,38,70,49,12,0,9,30,12,0,12,33,4,0,1,3,12,1,0.282,0.325,0.44,0.764
swansda01,2020,Dansby Swanson,26,Maj-NL,Atlanta,60,264,237,49,65,40,15,0,10,35,22,0,22,71,4,0,1,0,5,0,0.274,0.345,0.464,0.809
freemfr01,2020,Freddie Freeman,30,Maj-NL,Atlanta,60,262,214,51,73,36,23,1,13,53,45,7,38,37,3,0,0,6,2,0,0.341,0.462,0.64,1.102
abreujo02,2020,José Abreu,33,Maj-AL,Chicago,60,262,240,43,76,42,15,0,19,60,18,1,17,59,3,0,1,10,0,0,0.317,0.37,0.617,0.987
hernace02,2020,César Hernández,30,Maj-AL,Cleveland,58,261,233,35,66,43,20,0,3,20,24,0,24,57,2,1,0,3,0,0,0.283,0.355,0.408,0.763
turnetr01,2020,Trea Turner,27,Maj-NL,Washington,59,259,233,46,78,47,15,4,12,41,22,0,22,36,2,0,2,5,12,4,0.335,0.394,0.588,0.982
storytr01,2020,Trevor Story,27,Maj-NL,Colorado,59,259,235,41,68,40,13,4,11,28,24,1,23,63,0,0,0,5,15,3,0.289,0.355,0.519,0.874
tatisfe02,2020,Fernando Tatis Jr.,21,Maj-NL,San Diego,59,257,224,50,62,32,11,2,17,45,27,1,26,61,5,0,1,6,11,3,0.277,0.366,0.571,0.937
santaca01,2020,Carlos Santana,34,Maj-AL,Cleveland,60,255,206,34,41,26,7,0,8,30,47,1,46,43,1,0,1,5,0,0,0.199,0.349,0.35,0.699
ramirjo01,2020,José Ramírez,27,Maj-AL,Cleveland,58,254,219,45,64,30,16,1,17,46,31,0,31,43,3,0,1,2,10,3,0.292,0.386,0.607,0.993
machama01,2020,Manny Machado,27,Maj-NL,San Diego,60,254,224,44,68,39,12,1,16,47,26,4,22,37,0,0,4,9,6,3,0.304,0.37,0.58,0.951
grishtr01,2020,Trent Grisham,23,Maj-NL,San Diego,59,252,215,42,54,33,8,3,10,26,31,0,31,64,3,1,1,1,10,1,0.251,0.352,0.456,0.808
martest01,2020,Starling Marte,31,Maj-NL,"Arizona,Miami",61,250,228,36,64,43,14,1,6,27,12,1,11,41,9,0,1,5,10,2,0.281,0.34,0.43,0.77
deverra01,2020,Rafael Devers,23,Maj-AL,Boston,57,248,232,32,61,33,16,1,11,43,13,0,13,67,3,0,0,8,0,0,0.263,0.311,0.483,0.793
seageky01,2020,Kyle Seager,32,Maj-AL,Seattle,60,248,203,35,49,28,12,0,9,40,32,3,29,33,7,0,6,4,5,0,0.241,0.355,0.434,0.788
muncyma01,2020,Max Muncy,29,Maj-NL,Los Angeles,58,248,203,36,39,23,4,0,12,27,39,2,37,60,4,0,2,3,1,0,0.192,0.331,0.389,0.72
blackch02,2020,Charlie Blackmon,33,Maj-NL,Colorado,59,247,221,31,67,48,12,1,6,42,19,4,15,44,2,0,5,4,2,1,0.303,0.356,0.448,0.804
yelicch01,2020,Christian Yelich,28,Maj-NL,Milwaukee,58,247,200,39,41,21,7,1,12,22,46,2,44,76,1,0,0,4,4,2,0.205,0.356,0.43,0.786
bettsmo01,2020,Mookie Betts,27,Maj-NL,Los Angeles,55,246,219,47,64,38,9,1,16,39,24,1,23,38,2,0,1,2,10,1,0.292,0.366,0.562,0.928
hiurake01,2020,Keston Hiura,23,Maj-NL,Milwaukee,59,246,217,30,46,29,4,0,13,32,16,2,14,85,11,0,2,7,3,2,0.212,0.297,0.41,0.707
olsonma02,2020,Matt Olson,26,Maj-AL,Oakland,60,245,210,28,41,22,4,1,14,42,34,2,32,77,1,0,0,2,1,0,0.195,0.31,0.424,0.734
harpebr03,2020,Bryce Harper,27,Maj-NL,Philadelphia,58,244,190,41,51,27,9,2,13,33,49,8,41,43,2,1,2,5,8,1,0.268,0.42,0.542,0.962
canhama01,2020,Mark Canha,31,Maj-AL,Oakland,59,243,191,32,47,28,12,2,5,33,37,1,36,54,10,0,5,2,4,0,0.246,0.387,0.408,0.795
walkech02,2020,Christian Walker,29,Maj-NL,Arizona,57,243,218,35,59,33,18,1,7,34,19,0,19,50,3,0,3,6,1,1,0.271,0.333,0.459,0.792
guerrvl02,2020,Vladimir Guerrero Jr.,21,Maj-AL,Toronto,60,243,221,34,58,34,13,2,9,33,20,1,19,38,2,0,0,6,1,0,0.262,0.329,0.462,0.791
bellico01,2020,Cody Bellinger,24,Maj-NL,Los Angeles,56,243,213,33,51,29,10,0,12,30,30,2,28,42,0,0,0,4,6,0,0.239,0.333,0.455,0.789
francma02,2020,Maikel Franco,27,Maj-AL,Kansas City,60,243,223,23,62,38,16,0,8,38,16,1,15,38,0,0,4,4,1,0,0.278,0.321,0.457,0.778
rizzoan01,2020,Anthony Rizzo,30,Maj-NL,Chicago,58,243,203,26,45,28,6,0,11,24,28,4,24,38,10,0,2,6,3,0,0.222,0.342,0.414,0.755
lewisky01,2020,Kyle Lewis,24,Maj-AL,Seattle,58,242,206,37,54,40,3,0,11,28,34,0,34,71,0,0,2,5,5,1,0.262,0.364,0.437,0.801
casteni01,2020,Nick Castellanos,28,Maj-NL,Cincinnati,60,242,218,37,49,22,11,2,14,34,19,1,18,69,4,0,1,5,0,2,0.225,0.298,0.486,0.784
troutmi01,2020,Mike Trout,28,Maj-AL,Los Angeles,53,241,199,41,56,28,9,2,17,46,35,4,31,56,3,0,4,1,1,1,0.281,0.39,0.603,0.993
reyesfr01,2020,Franmil Reyes,24,Maj-AL,Cleveland,59,241,211,27,58,39,10,0,9,34,24,0,24,69,1,0,5,6,0,0,0.275,0.344,0.45,0.795
mccutan01,2020,Andrew McCutchen,33,Maj-NL,Philadelphia,57,241,217,32,55,36,9,0,10,34,22,0,22,48,1,0,1,4,4,0,0.254,0.324,0.433,0.757
alonspe01,2020,Pete Alonso,25,Maj-NL,New York,57,239,208,31,48,26,6,0,16,35,24,4,20,61,6,0,1,4,1,0,0.231,0.326,0.49,0.817
gregodi01,2020,Didi Gregorius,30,Maj-NL,Philadelphia,60,237,215,34,61,39,10,2,10,40,15,3,12,28,4,1,2,4,3,1,0.284,0.339,0.488,0.827
martijd02,2020,J.D. Martinez,32,Maj-AL,Boston,54,237,211,22,45,22,16,0,7,27,22,3,19,59,2,0,2,6,1,0,0.213,0.291,0.389,0.68
semiema01,2020,Marcus Semien,29,Maj-AL,Oakland,53,236,211,28,47,30,9,1,7,23,25,0,25,50,0,0,0,3,4,0,0.223,0.305,0.374,0.68
baezja01,2020,Javier Báez,27,Maj-NL,Chicago,59,235,222,27,45,27,9,1,8,24,7,0,7,75,4,0,2,8,3,0,0.203,0.238,0.36,0.599
voitlu01,2020,Luke Voit,29,Maj-AL,New York,56,234,213,41,59,32,5,0,22,52,17,0,17,54,3,0,1,4,0,0,0.277,0.338,0.61,0.948
confomi01,2020,Michael Conforto,27,Maj-NL,New York,54,233,202,40,65,44,12,0,9,31,24,0,24,57,7,0,0,6,3,3,0.322,0.412,0.515,0.927
mondera02,2020,Adalberto Mondesí,24,Maj-AL,Kansas City,59,233,219,33,56,36,11,3,6,22,11,0,11,70,1,2,0,4,24,8,0.256,0.294,0.416,0.71
solakni01,2020,Nick Solak,25,Maj-AL,Texas,58,233,209,27,56,44,10,0,2,23,18,0,18,42,2,0,4,6,7,1,0.268,0.326,0.345,0.671
seageco01,2020,Corey Seager,26,Maj-NL,Los Angeles,52,232,212,38,65,37,12,1,15,41,17,0,17,37,1,0,2,8,1,0,0.307,0.358,0.585,0.943
rendoan01,2020,Anthony Rendon,30,Maj-AL,Los Angeles,52,232,189,29,54,33,11,1,9,31,38,2,36,31,5,0,0,10,0,0,0.286,0.418,0.497,0.916
crawfjp01,2020,J.P. Crawford,25,Maj-AL,Seattle,53,232,204,33,52,41,7,2,2,24,23,0,23,39,3,0,2,4,6,3,0.255,0.336,0.338,0.674
goldspa01,2020,Paul Goldschmidt,32,Maj-NL,St. Louis,58,231,191,31,58,39,13,0,6,21,37,0,37,43,1,0,1,4,1,0,0.304,0.417,0.466,0.883
happia01,2020,Ian Happ,25,Maj-NL,Chicago,57,231,198,27,51,27,11,1,12,28,30,1,29,63,2,1,0,1,1,2,0.258,0.361,0.505,0.866
grichra01,2020,Randal Grichuk,28,Maj-AL,Toronto,55,231,216,38,59,38,9,0,12,35,13,1,12,49,0,0,2,5,1,0,0.273,0.312,0.482,0.793
rosared01,2020,Eddie Rosario,28,Maj-AL,Minnesota,57,231,210,31,54,34,7,0,13,42,19,2,17,34,0,0,2,3,3,0,0.257,0.316,0.476,0.792
suareeu01,2020,Eugenio Suárez,28,Maj-NL,Cincinnati,57,231,198,29,40,17,8,0,15,38,30,1,29,67,2,0,1,5,2,0,0.202,0.312,0.47,0.781
cabremi01,2020,Miguel Cabrera,37,Maj-AL,Detroit,57,231,204,28,51,37,4,0,10,35,24,1,23,51,1,0,2,3,1,0,0.25,0.329,0.417,0.746
moncayo01,2020,Yoán Moncada,25,Maj-AL,Chicago,52,231,200,28,45,28,8,3,6,24,28,0,28,72,1,0,2,1,0,0,0.225,0.32,0.385,0.705
alberha01,2020,Hanser Alberto,27,Maj-AL,Baltimore,54,231,219,35,62,44,15,0,3,22,5,0,5,30,3,2,2,6,3,0,0.283,0.306,0.393,0.698
fletcda02,2020,David Fletcher,26,Maj-AL,Los Angeles,49,230,207,31,66,50,13,0,3,18,20,0,20,25,0,1,2,4,2,0,0.319,0.376,0.425,0.801
fraziad01,2020,Adam Frazier,28,Maj-NL,Pittsburgh,58,230,209,22,48,34,7,0,7,23,17,0,17,35,3,1,0,3,1,3,0.23,0.297,0.364,0.661
gourryu01,2020,Yuli Gurriel,36,Maj-AL,Houston,57,230,211,27,49,30,12,1,6,22,12,0,12,27,2,0,5,6,0,1,0.232,0.274,0.384,0.658
anderbr06,2020,Brian Anderson,27,Maj-NL,Miami,59,229,200,27,51,32,7,1,11,38,22,1,21,66,6,0,1,2,0,0,0.255,0.345,0.465,0.81
davisjd01,2020,J.D. Davis,27,Maj-NL,New York,56,229,190,26,47,32,9,0,6,19,31,1,30,56,7,0,1,8,0,0,0.247,0.371,0.39,0.761
calhoko01,2020,Kole Calhoun,32,Maj-NL,Arizona,54,228,190,35,43,18,9,0,16,40,28,0,28,50,6,0,4,6,1,1,0.226,0.338,0.526,0.864
tuckeky01,2020,Kyle Tucker,23,Maj-AL,Houston,58,228,209,33,56,29,12,6,9,42,18,2,16,46,0,0,1,2,8,1,0.268,0.325,0.512,0.837
lasteto01,2020,Tommy La Stella,31,Maj-AL,"Los Angeles,Oakland",55,228,196,31,55,34,14,2,5,25,27,0,27,12,2,1,2,6,1,0,0.281,0.37,0.449,0.819
kineris01,2020,Isiah Kiner-Falefa,25,Maj-AL,Texas,58,228,211,28,59,49,4,3,3,10,14,0,14,32,2,0,1,6,8,5,0.28,0.329,0.37,0.699
roberlu01,2020,Luis Robert Jr.,22,Maj-AL,Chicago,56,227,202,33,47,28,8,0,11,31,20,0,20,73,1,0,2,4,9,2,0.233,0.302,0.436,0.738
edmanto01,2020,Tommy Edman,25,Maj-NL,St. Louis,55,227,204,29,51,38,7,1,5,26,16,0,16,48,5,0,2,5,2,4,0.25,0.317,0.368,0.685
jimenel02,2020,Eloy Jiménez,23,Maj-AL,Chicago,55,226,213,26,63,35,14,0,14,41,12,0,12,56,0,0,1,4,0,0,0.296,0.332,0.559,0.891
gallojo01,2020,Joey Gallo,26,Maj-AL,Texas,57,226,193,23,35,17,8,0,10,26,29,2,27,79,4,0,0,0,2,0,0.181,0.301,0.378,0.679
polanjo01,2020,Jorge Polanco,26,Maj-AL,Minnesota,55,226,209,22,54,42,8,0,4,19,13,0,13,35,1,2,1,7,4,2,0.258,0.304,0.354,0.658
yastrmi01,2020,Mike Yastrzemski,29,Maj-NL,San Francisco,54,225,192,39,57,29,14,4,10,35,30,2,28,55,3,0,0,2,2,1,0.297,0.4,0.568,0.968
nimmobr01,2020,Brandon Nimmo,27,Maj-NL,New York,55,225,186,33,52,33,8,3,8,18,33,0,33,43,6,0,0,1,1,2,0.28,0.404,0.484,0.888
bogaexa01,2020,Xander Bogaerts,27,Maj-AL,Boston,56,225,203,36,61,42,8,0,11,28,21,2,19,41,0,0,1,3,8,0,0.301,0.364,0.503,0.867
contrwi01,2020,Willson Contreras,28,Maj-NL,Chicago,57,225,189,37,46,29,10,0,7,26,20,1,19,57,14,0,2,6,1,1,0.243,0.356,0.407,0.763
lowebr01,2020,Brandon Lowe,25,Maj-AL,Tampa Bay,56,224,193,36,52,27,9,2,14,37,25,0,25,58,4,0,2,2,3,0,0.269,0.362,0.554,0.916
gurrilo01,2020,Lourdes Gurriel Jr.,26,Maj-AL,Toronto,57,224,208,28,64,39,14,0,11,33,14,0,14,48,0,0,2,7,3,0,0.308,0.348,0.534,0.882
schwaky01,2020,Kyle Schwarber,27,Maj-NL,Chicago,59,224,191,30,36,19,6,0,11,24,30,1,29,66,3,0,0,3,1,0,0.189,0.308,0.393,0.701
vottojo01,2020,Joey Votto,36,Maj-NL,Cincinnati,54,223,186,32,42,23,8,0,11,22,37,1,36,43,0,0,0,5,0,0,0.226,0.354,0.446,0.801
pillake01,2020,Kevin Pillar,31,"Maj-AL,Maj-NL","Boston,Colorado",54,223,208,34,60,39,12,3,6,26,13,1,12,41,2,0,0,4,5,2,0.289,0.336,0.462,0.798
belljo02,2020,Josh Bell,27,Maj-NL,Pittsburgh,57,223,195,22,44,33,3,0,8,22,22,4,18,59,2,0,4,3,0,0,0.226,0.305,0.364,0.669
springe01,2020,George Springer,30,Maj-AL,Houston,51,222,189,37,50,28,6,2,14,32,24,0,24,38,5,0,2,3,1,2,0.265,0.359,0.54,0.899
laurera01,2020,Ramón Laureano,25,Maj-AL,Oakland,54,222,183,27,39,24,8,1,6,25,24,0,24,58,12,0,3,7,2,1,0.213,0.338,0.366,0.704
escobed01,2020,Eduardo Escobar,31,Maj-NL,Arizona,54,222,203,22,43,29,7,3,4,20,15,4,11,41,2,0,2,5,1,0,0.212,0.27,0.335,0.605
anderti01,2020,Tim Anderson,27,Maj-AL,Chicago,49,221,208,45,67,45,11,1,10,21,10,0,10,50,2,0,1,4,5,1,0.322,0.358,0.529,0.886
verdual01,2020,Alex Verdugo,24,Maj-AL,Boston,53,221,201,36,62,40,16,0,6,15,17,1,16,45,2,0,1,4,4,0,0.309,0.367,0.478,0.844
correca01,2020,Carlos Correa,25,Maj-AL,Houston,58,220,200,22,53,39,9,0,5,25,16,2,14,48,3,0,1,4,0,0,0.265,0.327,0.385,0.712
myerswi01,2020,Wil Myers,29,Maj-NL,San Diego,55,218,198,34,57,26,14,2,15,40,18,0,18,56,2,0,0,0,2,1,0.288,0.353,0.606,0.959
peralda01,2020,David Peralta,32,Maj-NL,Arizona,54,218,203,19,61,45,10,1,5,34,13,0,13,45,0,0,2,4,1,0,0.301,0.339,0.434,0.773
bradlja02,2020,Jackie Bradley Jr.,30,Maj-AL,Boston,55,217,191,32,54,36,11,0,7,22,23,1,22,48,2,0,1,2,5,1,0.283,0.364,0.45,0.814
segurje01,2020,Jean Segura,30,Maj-NL,Philadelphia,54,217,192,28,51,37,5,2,7,25,23,2,21,45,1,1,0,6,2,2,0.266,0.347,0.422,0.769
ahmedni01,2020,Nick Ahmed,30,Maj-NL,Arizona,57,217,199,29,53,37,10,1,5,29,18,0,18,46,0,0,0,3,4,0,0.266,0.327,0.402,0.729
lemahdj01,2020,DJ LeMahieu,31,Maj-AL,New York,50,216,195,41,71,49,10,2,10,27,18,0,18,21,2,0,1,3,3,0,0.364,0.421,0.59,1.011
nunezre01,2020,Renato Núñez,26,Maj-AL,Baltimore,52,216,195,29,50,28,10,0,12,31,17,0,17,64,3,0,1,4,0,0,0.256,0.324,0.492,0.816
aguilje01,2020,Jesús Aguilar,30,Maj-NL,Miami,51,216,188,31,52,34,10,0,8,34,23,0,23,40,1,0,4,5,0,1,0.277,0.352,0.457,0.809
cruzne02,2020,Nelson Cruz,39,Maj-AL,Minnesota,53,214,185,33,56,34,6,0,16,33,25,5,20,58,4,0,0,8,0,0,0.303,0.397,0.595,0.992
tayloch03,2020,Chris Taylor,29,Maj-NL,Los Angeles,56,214,185,30,50,30,10,2,8,32,26,0,26,55,2,1,0,3,3,2,0.27,0.366,0.476,0.842
florewi01,2020,Wilmer Flores,28,Maj-NL,San Francisco,55,213,198,30,53,29,11,1,12,32,13,1,12,36,1,0,1,5,1,0,0.268,0.315,0.515,0.83
cabreas01,2020,Asdrúbal Cabrera,34,Maj-NL,Washington,52,213,190,23,46,26,9,3,8,31,19,0,19,40,0,0,4,6,0,0,0.242,0.305,0.447,0.753
reyesvi01,2020,Victor Reyes,25,Maj-AL,Detroit,57,213,202,30,56,43,7,2,4,14,9,0,9,45,2,0,0,4,8,0,0.277,0.315,0.391,0.706
hicksaa01,2020,Aaron Hicks,30,Maj-AL,New York,54,211,169,28,38,20,10,2,6,21,41,1,40,38,1,0,0,4,4,1,0.225,0.379,0.414,0.793
polloaj01,2020,AJ Pollock,32,Maj-NL,Los Angeles,55,210,196,30,54,29,9,0,16,34,12,1,11,45,0,0,2,6,2,2,0.276,0.314,0.566,0.881
dickeco01,2020,Corey Dickerson,31,Maj-NL,Miami,52,210,194,25,50,37,5,1,7,17,15,1,14,35,0,0,0,5,1,0,0.258,0.311,0.402,0.713
reddijo01,2020,Josh Reddick,33,Maj-AL,Houston,56,210,188,22,46,30,11,1,4,23,20,0,20,42,0,0,1,5,1,0,0.245,0.316,0.378,0.694
altuvjo01,2020,Jose Altuve,30,Maj-AL,Houston,48,210,192,32,42,28,9,0,5,18,17,0,17,39,1,0,0,5,2,3,0.219,0.286,0.344,0.63
mcneije01,2020,Jeff McNeil,28,Maj-NL,New York,52,209,183,19,57,39,14,0,4,23,20,2,18,24,3,0,3,3,0,1,0.312,0.383,0.454,0.836
duvalad01,2020,Adam Duvall,31,Maj-NL,Atlanta,57,209,190,34,45,21,8,0,16,33,15,0,15,54,3,0,1,2,0,0,0.237,0.301,0.532,0.833
longoev01,2020,Evan Longoria,34,Maj-NL,San Francisco,53,209,193,26,49,31,10,1,7,28,11,0,11,39,2,0,3,10,0,1,0.254,0.297,0.425,0.722
wongko01,2020,Kolten Wong,29,Maj-NL,St. Louis,53,208,181,26,48,41,4,2,1,16,20,1,19,30,4,2,1,1,5,2,0.265,0.35,0.326,0.676
reynobr01,2020,Bryan Reynolds,25,Maj-NL,Pittsburgh,55,208,185,24,35,20,6,2,7,19,21,0,21,57,1,0,0,2,1,1,0.189,0.275,0.357,0.632
hernate01,2020,Teoscar Hernández,27,Maj-AL,Toronto,50,207,190,33,55,32,7,0,16,34,14,0,14,63,1,0,1,4,6,1,0.29,0.34,0.579,0.919
garciav01,2020,Avisaíl García,29,Maj-NL,Milwaukee,53,207,181,20,43,31,10,0,2,15,20,2,18,49,6,0,0,2,1,3,0.238,0.333,0.326,0.659
villajo01,2020,Jonathan Villar,29,"Maj-AL,Maj-NL","Miami,Toronto",52,207,185,13,43,36,5,0,2,15,19,1,18,54,0,1,2,2,16,5,0.232,0.301,0.292,0.593
candeje01,2020,Jeimer Candelario,26,Maj-AL,Detroit,52,206,185,30,55,34,11,3,7,29,20,0,20,49,1,0,0,3,1,1,0.297,0.369,0.503,0.872
tapiara01,2020,Raimel Tapia,26,Maj-NL,Colorado,51,206,184,26,59,48,8,2,1,17,14,0,14,38,2,1,3,3,8,2,0.321,0.37,0.402,0.772
rileyau01,2020,Austin Riley,23,Maj-NL,Atlanta,51,206,188,24,45,29,7,1,8,27,16,1,15,49,1,0,1,5,0,0,0.239,0.301,0.415,0.716
adamewi01,2020,Willy Adames,24,Maj-AL,Tampa Bay,54,205,185,29,48,24,15,1,8,23,20,0,20,74,0,0,0,4,2,1,0.26,0.332,0.481,0.813
sanomi01,2020,Miguel Sanó,27,Maj-AL,Minnesota,53,205,186,31,38,13,12,0,13,25,18,1,17,90,1,0,0,3,0,0,0.204,0.278,0.479,0.757
ruizri01,2020,Rio Ruiz,26,Maj-AL,Baltimore,54,204,185,25,41,21,11,0,9,32,17,1,16,46,0,1,1,4,1,0,0.222,0.286,0.427,0.713
solando01,2020,Donovan Solano,32,Maj-NL,San Francisco,54,203,190,22,62,43,15,1,3,29,10,0,10,39,2,0,1,2,0,0,0.326,0.365,0.463,0.828
acunaro01,2020,Ronald Acuna Jr.,22,Maj-NL,Atlanta,46,202,160,46,40,15,11,0,14,29,38,2,36,60,4,0,0,3,8,1,0.25,0.406,0.581,0.987
profaju01,2020,Jurickson Profar,27,Maj-NL,San Diego,56,202,180,28,50,37,6,0,7,25,15,0,15,28,4,1,2,1,7,1,0.278,0.343,0.428,0.771
whiteev01,2020,Evan White,24,Maj-AL,Seattle,54,202,182,19,32,17,7,0,8,26,18,0,18,84,1,0,1,3,1,2,0.176,0.253,0.346,0.599
arenano01,2020,Nolan Arenado,29,Maj-NL,Colorado,48,201,182,23,46,29,9,0,8,26,15,3,12,20,0,0,4,7,0,0,0.253,0.304,0.434,0.738
moranco01,2020,Colin Moran,27,Maj-NL,Pittsburgh,52,200,178,28,44,24,10,0,10,23,19,0,19,52,2,0,1,9,0,0,0.247,0.325,0.472,0.797
smithdo02,2020,Dominic Smith,25,Maj-NL,New York,50,199,177,27,56,24,21,1,10,42,14,0,14,45,5,0,3,2,0,0,0.316,0.377,0.616,0.993
gonzama01,2020,Marwin Gonzalez,31,Maj-AL,Minnesota,53,199,175,15,37,28,4,0,5,22,17,0,17,41,3,0,4,1,0,0,0.211,0.286,0.32,0.606
sotoju01,2020,Juan Soto,21,Maj-NL,Washington,47,196,154,39,54,27,14,0,13,37,41,12,29,28,1,0,0,1,6,2,0.351,0.49,0.695,1.185
keplema01,2020,Max Kepler,27,Maj-AL,Minnesota,48,196,171,27,39,21,9,0,9,23,22,0,22,36,2,0,1,1,3,0,0.228,0.321,0.439,0.76
realmjt01,2020,J.T. Realmuto,29,Maj-NL,Philadelphia,47,195,173,33,46,29,6,0,11,32,16,0,16,48,6,0,0,3,4,1,0.266,0.349,0.491,0.84
marteke01,2020,Ketel Marte,26,Maj-NL,Arizona,45,195,181,19,52,35,14,1,2,17,7,0,7,21,4,0,3,2,1,0,0.287,0.323,0.409,0.732
grandya01,2020,Yasmani Grandal,31,Maj-AL,Chicago,46,194,161,27,37,22,7,0,8,27,30,0,30,58,1,0,2,4,0,0,0.23,0.351,0.422,0.773
crawfbr01,2020,Brandon Crawford,33,Maj-NL,San Francisco,54,193,172,26,44,24,12,0,8,28,15,2,13,47,4,0,2,3,1,2,0.256,0.326,0.465,0.792
mcmahry01,2020,Ryan McMahon,25,Maj-NL,Colorado,52,193,172,23,37,21,6,1,9,26,18,0,18,66,2,0,1,4,0,1,0.215,0.295,0.419,0.714
gonzaer01,2020,Erik González,28,Maj-NL,Pittsburgh,50,193,181,14,41,24,13,1,3,20,8,0,8,51,0,1,3,5,2,3,0.227,0.255,0.359,0.614
croneja01,2020,Jake Cronenworth,26,Maj-NL,San Diego,54,192,172,26,49,27,15,3,4,20,18,0,18,30,1,0,1,4,3,1,0.285,0.354,0.477,0.831
grossro01,2020,Robbie Grossman,30,Maj-AL,Oakland,51,192,166,23,40,18,12,2,8,23,21,2,19,38,5,0,0,1,8,1,0.241,0.344,0.482,0.826
lopezni01,2020,Nicky Lopez,25,Maj-AL,Kansas City,56,192,169,15,34,25,8,0,1,13,18,0,18,41,2,3,0,1,0,4,0.201,0.286,0.266,0.552
vazquch01,2020,Christian Vázquez,29,Maj-AL,Boston,47,189,173,22,49,33,9,0,7,23,16,0,16,43,0,0,0,6,4,2,0.283,0.344,0.457,0.801
arciaor01,2020,Orlando Arcia,25,Maj-NL,Milwaukee,59,189,173,22,45,29,10,1,5,20,14,0,14,32,1,0,1,10,2,0,0.26,0.318,0.416,0.734
roblevi01,2020,Victor Robles,23,Maj-NL,Washington,52,189,168,20,37,28,5,1,3,15,9,0,9,53,9,1,2,0,4,1,0.22,0.293,0.316,0.608
brantmi02,2020,Michael Brantley,33,Maj-AL,Houston,46,187,170,24,51,31,15,0,5,22,17,0,17,28,0,0,0,3,2,0,0.3,0.364,0.477,0.84
doziehu01,2020,Hunter Dozier,28,Maj-AL,Kansas City,44,186,158,29,36,24,4,2,6,12,27,0,27,48,1,0,0,3,4,0,0.228,0.344,0.392,0.737
hoskirh01,2020,Rhys Hoskins,27,Maj-NL,Philadelphia,41,185,151,35,37,18,9,0,10,26,29,0,29,43,5,0,0,4,1,0,0.245,0.384,0.503,0.887
tsutsyo01,2020,Yoshi Tsutsugo,28,Maj-AL,Tampa Bay,51,185,157,27,31,17,5,1,8,24,26,1,25,50,1,0,1,5,0,0,0.198,0.314,0.395,0.708
darnatr01,2020,Travis d'Arnaud,31,Maj-NL,Atlanta,44,184,165,19,53,36,8,0,9,34,16,0,16,50,2,0,1,8,1,0,0.321,0.386,0.533,0.919
nolaau01,2020,Austin Nola,30,"Maj-AL,Maj-NL","San Diego,Seattle",48,184,161,24,44,27,9,1,7,28,18,1,17,34,3,0,2,3,0,0,0.273,0.353,0.472,0.825
wendljo01,2020,Joey Wendle,30,Maj-AL,Tampa Bay,50,184,168,24,48,33,9,2,4,17,10,1,9,35,5,0,1,1,8,2,0.286,0.342,0.435,0.777
hampsga01,2020,Garrett Hampson,25,Maj-NL,Colorado,53,184,167,25,39,27,4,3,5,11,13,0,13,60,0,3,1,1,6,1,0.234,0.287,0.383,0.671
gordoal01,2020,Alex Gordon,36,Maj-AL,Kansas City,50,184,163,15,34,26,4,0,4,11,18,0,18,37,3,0,0,0,0,0,0.209,0.299,0.307,0.606
winkeje01,2020,Jesse Winker,26,Maj-NL,Cincinnati,54,183,149,27,38,19,7,0,12,23,28,0,28,46,5,0,1,3,1,0,0.255,0.388,0.544,0.932
akiyash01,2020,Shogo Akiyama,32,Maj-NL,Cincinnati,54,183,155,16,38,31,6,1,0,9,25,0,25,34,2,0,0,1,7,2,0.245,0.357,0.297,0.654
canoro01,2020,Robinson Canó,37,Maj-NL,New York,49,182,171,23,54,35,9,0,10,30,9,1,8,24,1,0,1,7,0,0,0.316,0.352,0.544,0.896
heywaja01,2020,Jason Heyward,30,Maj-NL,Chicago,50,181,147,20,39,25,6,2,6,22,30,1,29,37,2,0,2,1,2,0,0.265,0.392,0.456,0.848
encared01,2020,Edwin Encarnación,37,Maj-AL,Chicago,44,181,159,19,25,10,5,0,10,19,16,0,16,54,4,0,1,3,0,0,0.157,0.25,0.377,0.627
bohmal01,2020,Alec Bohm,23,Maj-NL,Philadelphia,44,180,160,24,54,39,11,0,4,23,16,0,16,36,2,0,2,4,1,1,0.338,0.4,0.481,0.881
bregmal01,2020,Alex Bregman,26,Maj-AL,Houston,42,180,153,19,37,18,12,1,6,22,24,1,23,26,2,0,1,2,0,0,0.242,0.35,0.451,0.801
shawtr01,2020,Travis Shaw,30,Maj-AL,Toronto,50,180,163,17,39,23,10,0,6,17,16,0,16,50,0,0,1,4,0,0,0.239,0.306,0.411,0.717
beltbr01,2020,Brandon Belt,32,Maj-NL,San Francisco,51,179,149,25,46,23,13,1,9,30,30,1,29,36,0,0,0,5,0,0,0.309,0.425,0.591,1.015
goodrni01,2020,Niko Goodrum,28,Maj-AL,Detroit,43,179,158,15,29,16,7,1,5,20,18,0,18,69,0,0,3,4,7,1,0.184,0.263,0.335,0.598
severpe01,2020,Pedro Severino,26,Maj-AL,Baltimore,48,178,160,17,40,29,5,1,5,21,16,0,16,40,1,1,0,3,1,0,0.25,0.322,0.388,0.71
sanchga02,2020,Gary Sánchez,27,Maj-AL,New York,49,178,156,19,23,9,4,0,10,24,18,0,18,64,4,0,0,6,0,0,0.147,0.253,0.365,0.618
schoojo01,2020,Jonathan Schoop,28,Maj-AL,Detroit,44,177,162,26,45,31,4,2,8,23,8,0,8,39,4,0,2,8,0,0,0.278,0.324,0.475,0.799
dubonma01,2020,Mauricio Dubón,25,Maj-NL,San Francisco,54,177,157,21,43,34,4,1,4,19,15,0,15,36,1,1,2,4,2,2,0.274,0.337,0.389,0.726
eatonad02,2020,Adam Eaton,31,Maj-NL,Washington,41,176,159,22,36,20,11,1,4,17,12,1,11,32,1,4,0,4,3,0,0.226,0.285,0.384,0.669
turneju01,2020,Justin Turner,35,Maj-NL,Los Angeles,42,175,150,26,46,32,9,1,4,23,18,0,18,26,6,0,1,2,1,0,0.307,0.4,0.46,0.86
ohtansh01,2020,Shohei Ohtani,25,Maj-AL,Los Angeles,44,175,153,23,29,16,6,0,7,24,22,0,22,50,0,0,0,3,7,1,0.19,0.291,0.366,0.657
urshegi01,2020,Gio Urshela,28,Maj-AL,New York,43,174,151,24,45,28,11,0,6,30,18,0,18,25,1,0,4,6,1,0,0.298,0.368,0.49,0.858
solerjo01,2020,Jorge Soler,28,Maj-AL,Kansas City,43,174,149,17,34,18,8,0,8,24,19,0,19,60,3,0,1,3,0,0,0.228,0.326,0.443,0.769
dejonpa01,2020,Paul DeJong,26,Maj-NL,St. Louis,45,174,152,17,38,29,6,0,3,25,17,0,17,50,1,0,4,4,1,0,0.25,0.322,0.349,0.671
polangr01,2020,Gregory Polanco,28,Maj-NL,Pittsburgh,50,174,157,12,24,11,6,0,7,22,13,0,13,65,0,0,3,1,3,1,0.153,0.214,0.325,0.539
frazito01,2020,Todd Frazier,34,"Maj-AL,Maj-NL","New York,Texas",45,172,157,16,37,23,9,1,4,12,11,0,11,42,4,0,0,1,1,1,0.236,0.302,0.382,0.685
newmake01,2020,Kevin Newman,26,Maj-NL,Pittsburgh,44,172,156,12,35,29,5,0,1,10,12,0,12,21,1,1,2,1,0,1,0.224,0.281,0.276,0.556
millebr02,2020,Brad Miller,30,Maj-NL,St. Louis,48,171,142,21,33,17,8,1,7,25,25,1,24,46,3,0,1,2,1,0,0.232,0.357,0.451,0.807
piscost01,2020,Stephen Piscotty,29,Maj-AL,Oakland,45,171,159,17,36,25,6,0,5,29,9,0,9,53,1,1,1,4,4,0,0.226,0.271,0.359,0.629
dickeal01,2020,Alex Dickerson,30,Maj-NL,San Francisco,52,169,150,28,45,24,10,1,10,27,16,2,14,29,2,0,1,5,0,0,0.3,0.373,0.58,0.953
carpema01,2020,Matt Carpenter,34,Maj-NL,St. Louis,50,169,140,22,26,16,6,0,4,24,23,1,22,48,6,0,0,1,0,0,0.186,0.325,0.314,0.64
uptonju01,2020,Justin Upton,32,Maj-AL,Los Angeles,42,166,147,20,30,16,5,0,9,22,11,0,11,43,7,0,1,6,0,1,0.204,0.289,0.422,0.711
santaan02,2020,Anthony Santander,25,Maj-AL,Baltimore,37,165,153,24,40,15,13,1,11,32,10,3,7,25,2,0,0,2,0,0,0.261,0.315,0.575,0.89
maldoma01,2020,Martín Maldonado,33,Maj-AL,Houston,47,165,135,19,29,19,4,0,6,24,27,0,27,51,1,2,0,1,1,0,0.215,0.35,0.378,0.728
goodwbr01,2020,Brian Goodwin,29,"Maj-AL,Maj-NL","Cincinnati,Los Angeles",50,164,144,17,31,15,9,1,6,22,17,1,16,54,1,0,2,1,5,0,0.215,0.299,0.417,0.716
moustmi01,2020,Mike Moustakas,31,Maj-NL,Cincinnati,44,163,139,13,32,15,9,0,8,27,18,1,17,36,4,0,2,5,1,0,0.23,0.331,0.468,0.799
pujolal01,2020,Albert Pujols,40,Maj-AL,Los Angeles,39,163,152,15,34,20,8,0,6,25,9,1,8,25,1,0,1,4,0,0,0.224,0.27,0.395,0.665
frazicl01,2020,Clint Frazier,25,Maj-AL,New York,39,160,131,24,35,20,6,1,8,26,25,0,25,44,3,0,1,5,3,0,0.267,0.394,0.512,0.905
torregl01,2020,Gleyber Torres,23,Maj-AL,New York,42,160,136,17,33,22,8,0,3,16,22,0,22,28,2,0,0,5,1,0,0.243,0.356,0.368,0.724
mooredy01,2020,Dylan Moore,27,Maj-AL,Seattle,38,159,137,26,35,18,9,0,8,17,14,0,14,43,8,0,0,4,12,5,0.256,0.359,0.496,0.855
galvifr01,2020,Freddy Galvis,30,Maj-NL,Cincinnati,47,159,141,18,31,19,5,0,7,16,13,0,13,30,5,0,0,5,1,1,0.22,0.308,0.404,0.713
kiermke01,2020,Kevin Kiermaier,30,Maj-AL,Tampa Bay,49,159,138,16,30,19,5,3,3,22,20,1,19,42,1,0,0,2,8,1,0.217,0.321,0.362,0.683
margoma01,2020,Manuel Margot,25,Maj-AL,Tampa Bay,47,159,145,19,39,29,9,0,1,11,13,0,13,25,0,0,1,0,12,4,0.269,0.327,0.352,0.679
gardnbr01,2020,Brett Gardner,36,Maj-AL,New York,49,158,130,20,29,18,5,1,5,15,26,0,26,35,1,0,1,0,3,1,0.223,0.354,0.392,0.747
chavimi01,2020,Michael Chavis,24,Maj-AL,Boston,42,158,146,16,31,19,5,2,5,19,8,0,8,50,2,0,2,6,3,0,0.212,0.26,0.377,0.636
oneilty01,2020,Tyler O'Neill,25,Maj-NL,St. Louis,50,157,139,20,24,12,5,0,7,19,15,0,15,43,2,0,1,3,3,1,0.173,0.261,0.36,0.621
perezsa02,2020,Salvador Perez,30,Maj-AL,Kansas City,37,156,150,22,50,27,12,0,11,32,3,0,3,36,2,0,1,0,1,0,0.333,0.353,0.633,0.986
hosmeer01,2020,Eric Hosmer,30,Maj-NL,San Diego,38,156,143,23,41,26,6,0,9,36,9,0,9,28,2,0,2,3,4,0,0.287,0.333,0.518,0.851
molinya01,2020,Yadier Molina,37,Maj-NL,St. Louis,42,156,145,12,38,32,2,0,4,16,6,0,6,21,3,1,1,7,0,0,0.262,0.303,0.359,0.662
francty01,2020,Ty France,25,"Maj-AL,Maj-NL","San Diego,Seattle",43,155,141,19,43,29,9,1,4,23,11,0,11,37,3,0,0,3,0,0,0.305,0.368,0.468,0.836
ramoswi01,2020,Wilson Ramos,32,Maj-NL,New York,45,155,142,13,34,23,6,0,5,15,10,0,10,31,2,0,1,5,0,0,0.239,0.297,0.387,0.684
mullice01,2020,Cedric Mullins,25,Maj-AL,Baltimore,48,153,140,16,38,28,4,3,3,12,8,0,8,37,1,4,0,0,7,2,0.271,0.315,0.407,0.723
morelmi01,2020,Mitch Moreland,34,"Maj-AL,Maj-NL","Boston,San Diego",42,152,136,22,36,17,9,0,10,29,15,2,13,32,1,0,0,0,0,0,0.265,0.342,0.552,0.894
chapmma01,2020,Matt Chapman,27,Maj-AL,Oakland,37,152,142,22,33,12,9,2,10,25,8,0,8,54,1,0,1,2,0,0,0.232,0.276,0.535,0.812
meadoau01,2020,Austin Meadows,25,Maj-AL,Tampa Bay,36,152,132,19,27,14,8,1,4,13,17,0,17,50,1,0,2,0,2,1,0.205,0.296,0.371,0.667
lopesti01,2020,Tim Lopes,26,Maj-AL,Seattle,46,151,143,16,34,20,12,0,2,15,6,0,6,34,2,0,0,2,5,0,0.238,0.278,0.364,0.642
iglesjo01,2020,José Iglesias,30,Maj-AL,Baltimore,39,150,142,16,53,33,17,0,3,24,3,0,3,17,4,0,1,1,0,0,0.373,0.4,0.556,0.956
valaipa01,2020,Pat Valaika,27,Maj-AL,Baltimore,51,150,141,24,39,27,4,0,8,16,8,0,8,34,0,1,0,3,0,1,0.277,0.315,0.475,0.791
bertijo01,2020,Jon Berti,30,Maj-NL,Miami,39,149,120,21,31,24,5,0,2,14,23,0,23,37,3,2,1,1,9,2,0.258,0.388,0.35,0.738
mazarno01,2020,Nomar Mazara,25,Maj-AL,Chicago,42,149,136,13,31,24,6,0,1,15,10,0,10,44,3,0,0,0,0,1,0.228,0.295,0.294,0.589
joycema01,2020,Matt Joyce,35,Maj-NL,Miami,46,148,127,16,32,26,4,0,2,14,20,0,20,41,0,0,1,3,1,0,0.252,0.351,0.331,0.682
hernaen02,2020,Enrique Hernández,28,Maj-NL,Los Angeles,48,148,139,20,32,18,8,1,5,20,6,0,6,31,2,0,1,5,0,1,0.23,0.27,0.41,0.68
rosaram01,2020,Amed Rosario,24,Maj-NL,New York,46,148,144,20,36,28,3,1,4,15,4,0,4,35,0,0,0,5,0,1,0.25,0.27,0.368,0.638
odorro01,2020,Rougned Odor,26,Maj-AL,Texas,38,148,138,15,23,9,4,0,10,30,7,0,7,47,1,0,2,2,0,1,0.167,0.21,0.413,0.623
janseda01,2020,Danny Jansen,25,Maj-AL,Toronto,43,147,120,18,22,13,3,0,6,20,21,0,21,31,2,3,1,1,0,0,0.183,0.313,0.358,0.671
bryankr01,2020,Kris Bryant,28,Maj-NL,Chicago,34,147,131,20,27,17,5,1,4,11,12,0,12,40,4,0,0,1,0,0,0.206,0.293,0.351,0.644
choiji01,2020,Ji Man Choi,29,Maj-AL,Tampa Bay,42,145,122,16,28,12,13,0,3,16,20,2,18,36,0,0,3,1,0,0,0.23,0.331,0.41,0.741
boteda01,2020,David Bote,27,Maj-NL,Chicago,45,145,125,15,25,14,3,1,7,29,17,0,17,40,2,0,1,6,2,0,0.2,0.303,0.408,0.711
rojasmi02,2020,Miguel Rojas,31,Maj-NL,Miami,40,143,125,20,38,23,10,1,4,20,16,2,14,18,2,0,0,1,5,1,0.304,0.392,0.496,0.888
stallja01,2020,Jacob Stallings,30,Maj-NL,Pittsburgh,42,143,125,13,31,21,7,0,3,18,15,0,15,40,0,2,1,2,0,0,0.248,0.326,0.376,0.702
braunry02,2020,Ryan Braun,36,Maj-NL,Milwaukee,39,141,129,14,30,14,7,1,8,26,7,0,7,27,2,0,1,6,1,0,0.233,0.281,0.488,0.769
markani01,2020,Nick Markakis,36,Maj-NL,Atlanta,37,141,130,15,33,17,15,0,1,15,10,0,10,23,1,0,0,5,0,0,0.254,0.312,0.392,0.704
panikjo01,2020,Joe Panik,29,Maj-AL,Toronto,41,141,120,18,27,20,6,0,1,7,20,0,20,27,1,0,0,4,0,0,0.225,0.34,0.3,0.64
naquity01,2020,Tyler Naquin,29,Maj-AL,Cleveland,40,141,133,15,29,16,8,1,4,20,5,0,5,40,1,0,2,3,0,1,0.218,0.248,0.384,0.632
castrwi01,2020,Willi Castro,23,Maj-AL,Detroit,36,140,129,21,45,33,4,2,6,24,7,0,7,38,1,1,2,0,0,1,0.349,0.381,0.55,0.932
mountry01,2020,Ryan Mountcastle,23,Maj-AL,Baltimore,35,140,126,12,42,32,5,0,5,23,11,0,11,30,1,0,2,2,0,1,0.333,0.386,0.492,0.878
murphse01,2020,Sean Murphy,25,Maj-AL,Oakland,43,140,116,21,27,15,5,0,7,14,24,0,24,37,0,0,0,6,0,0,0.233,0.364,0.457,0.821
thameer01,2020,Eric Thames,33,Maj-NL,Washington,41,140,123,10,25,17,5,0,3,12,14,1,13,42,3,0,0,2,1,0,0.203,0.3,0.317,0.617
garcilu04,2020,Luis García,20,Maj-NL,Washington,40,139,134,18,37,29,6,0,2,16,5,0,5,29,0,0,0,3,1,1,0.276,0.302,0.366,0.668
renfrhu01,2020,Hunter Renfroe,28,Maj-AL,Tampa Bay,42,139,122,18,19,6,5,0,8,22,14,0,14,37,2,0,1,3,2,0,0.156,0.252,0.393,0.645
diazya01,2020,Yandy Díaz,28,Maj-AL,Tampa Bay,34,138,114,16,35,30,3,0,2,11,23,1,22,17,1,0,0,6,0,0,0.307,0.428,0.386,0.814
pederjo01,2020,Joc Pederson,28,Maj-NL,Los Angeles,43,138,121,21,23,12,4,0,7,16,11,0,11,34,5,0,0,5,1,0,0.19,0.285,0.397,0.681
smithwi05,2020,Will Smith,25,Maj-NL,Los Angeles,37,137,114,23,33,16,9,0,8,25,20,1,19,22,2,0,1,2,0,0,0.29,0.402,0.579,0.98
vogelda01,2020,Daniel Vogelbach,27,"Maj-AL,Maj-NL","Milwaukee,Seattle,Toronto",39,136,115,16,24,15,3,0,6,16,20,1,19,33,1,0,0,3,0,0,0.209,0.331,0.391,0.722
buxtoby01,2020,Byron Buxton,26,Maj-AL,Minnesota,39,135,130,19,33,17,3,0,13,27,2,0,2,36,1,0,2,2,2,1,0.254,0.267,0.577,0.844
gyorkje01,2020,Jedd Gyorko,31,Maj-NL,Milwaukee,42,135,117,19,29,17,3,0,9,17,15,1,14,38,1,0,2,4,0,0,0.248,0.333,0.504,0.838
kipnija01,2020,Jason Kipnis,33,Maj-NL,Chicago,44,135,114,13,27,15,8,1,3,16,18,0,18,41,1,0,2,1,1,0,0.237,0.341,0.404,0.744
rominau01,2020,Austin Romine,31,Maj-AL,Detroit,37,135,130,12,31,24,5,0,2,17,4,0,4,47,0,0,1,3,0,0,0.239,0.259,0.323,0.582
haysau01,2020,Austin Hays,24,Maj-AL,Baltimore,33,134,122,20,34,28,2,0,4,9,8,0,8,25,2,0,2,1,2,3,0.279,0.328,0.393,0.722
taverle01,2020,Leody Taveras,21,Maj-AL,Texas,33,134,119,20,27,16,6,1,4,6,14,0,14,43,0,1,0,0,8,0,0.227,0.308,0.395,0.703
coopega03,2020,Garrett Cooper,29,Maj-NL,Miami,34,133,120,20,34,20,8,0,6,20,11,0,11,31,2,0,0,5,0,0,0.283,0.353,0.5,0.853
kempma01,2020,Matt Kemp,35,Maj-NL,Colorado,43,132,117,18,28,19,3,0,6,21,15,1,14,41,0,0,0,5,1,0,0.239,0.326,0.419,0.745
caratvi01,2020,Victor Caratini,26,Maj-NL,Chicago,44,132,116,10,28,20,7,0,1,16,12,1,11,31,4,0,0,4,0,1,0.241,0.333,0.328,0.661
smoakju01,2020,Justin Smoak,33,Maj-NL,"Milwaukee,San Francisco",36,132,119,14,21,9,7,0,5,15,10,0,10,42,2,0,1,4,0,0,0.177,0.25,0.361,0.611
murphda08,2020,Daniel Murphy,35,Maj-NL,Colorado,40,132,123,10,29,23,3,0,3,16,7,2,5,21,0,0,1,3,0,0,0.236,0.275,0.333,0.608
ohearry01,2020,Ryan O'Hearn,26,Maj-AL,Kansas City,42,132,113,7,22,14,6,0,2,18,18,2,16,37,0,0,1,5,0,0,0.195,0.303,0.301,0.604
adelljo01,2020,Jo Adell,21,Maj-AL,Los Angeles,38,132,124,9,20,13,4,0,3,7,7,0,7,55,1,0,0,3,0,1,0.161,0.212,0.266,0.478
gimenan01,2020,Andrés Giménez,21,Maj-NL,New York,49,131,117,22,31,23,3,2,3,12,7,0,7,27,6,0,1,0,8,1,0.265,0.336,0.402,0.738
inciaen01,2020,Ender Inciarte,29,Maj-NL,Atlanta,46,131,116,17,22,18,2,1,1,10,12,0,12,25,0,1,2,0,4,1,0.19,0.262,0.25,0.512
suzukku01,2020,Kurt Suzuki,36,Maj-NL,Washington,33,129,111,15,30,20,8,0,2,17,11,0,11,19,4,0,3,4,1,0,0.27,0.349,0.396,0.745
kellyca02,2020,Carson Kelly,25,Maj-NL,Arizona,39,129,122,11,27,17,5,0,5,19,6,0,6,29,1,0,0,4,0,0,0.221,0.264,0.385,0.649
bichebo01,2020,Bo Bichette,22,Maj-AL,Toronto,29,128,123,18,37,22,9,1,5,23,5,1,4,27,0,0,0,2,4,0,0.301,0.328,0.512,0.84
sogarer01,2020,Eric Sogard,34,Maj-NL,Milwaukee,43,128,115,10,24,18,5,0,1,10,11,0,11,20,1,0,1,1,0,0,0.209,0.281,0.278,0.56
longsh01,2020,Shed Long Jr.,24,Maj-AL,Seattle,34,128,117,10,20,12,5,0,3,9,11,0,11,37,0,0,0,1,4,0,0.171,0.242,0.291,0.533
tellero01,2020,Rowdy Tellez,25,Maj-AL,Toronto,35,127,113,20,32,19,5,0,8,23,11,1,10,20,1,0,2,1,0,1,0.283,0.347,0.54,0.886
choosh01,2020,Shin-Soo Choo,37,Maj-AL,Texas,33,127,110,13,26,18,3,0,5,15,13,1,12,33,2,0,2,1,6,1,0.236,0.323,0.4,0.723
gamelbe01,2020,Ben Gamel,28,Maj-NL,Milwaukee,40,127,114,13,27,15,8,1,3,10,13,0,13,39,0,0,0,4,0,2,0.237,0.315,0.404,0.719
simmoan01,2020,Andrelton Simmons,30,Maj-AL,Los Angeles,30,127,118,19,35,28,7,0,0,10,8,0,8,16,1,0,0,5,2,0,0.297,0.347,0.356,0.702
camarjo01,2020,Johan Camargo,26,Maj-NL,Atlanta,35,127,120,16,24,12,8,0,4,9,6,0,6,35,1,0,0,1,0,0,0.2,0.244,0.367,0.611
hoernni01,2020,Nico Hoerner,23,Maj-NL,Chicago,48,126,108,19,24,20,4,0,0,13,12,0,12,24,3,0,2,3,3,2,0.222,0.312,0.259,0.571
narvaom01,2020,Omar Narváez,28,Maj-NL,Milwaukee,40,126,108,8,19,13,4,0,2,10,16,0,16,39,2,0,0,1,0,0,0.176,0.294,0.269,0.562
baderha01,2020,Harrison Bader,26,Maj-NL,St. Louis,50,125,106,21,24,11,7,2,4,11,13,0,13,40,5,0,1,2,3,1,0.226,0.336,0.443,0.779
albieoz01,2020,Ozzie Albies,23,Maj-NL,Atlanta,29,124,118,21,32,21,5,0,6,19,5,0,5,30,1,0,0,0,3,0,0.271,0.307,0.466,0.773
phamth01,2020,Tommy Pham,32,Maj-NL,San Diego,31,124,108,13,23,18,2,0,3,12,15,0,15,26,1,0,0,2,6,0,0.213,0.315,0.315,0.629
kingesc01,2020,Scott Kingery,26,Maj-NL,Philadelphia,36,124,113,12,18,10,5,0,3,6,9,0,9,35,1,1,0,1,0,0,0.159,0.228,0.283,0.511
caveja01,2020,Jake Cave,27,Maj-AL,Minnesota,42,123,113,17,25,16,3,2,4,15,5,0,5,44,5,0,0,0,0,2,0.221,0.285,0.389,0.674
kieboca01,2020,Carter Kieboom,22,Maj-NL,Washington,33,122,99,15,20,19,1,0,0,9,17,0,17,33,5,0,1,5,0,1,0.202,0.344,0.212,0.556
arraelu01,2020,Luis Arraez,23,Maj-AL,Minnesota,32,121,112,16,36,27,9,0,0,13,8,0,8,11,0,0,1,2,0,0,0.321,0.364,0.402,0.765
siscoch01,2020,Chance Sisco,25,Maj-AL,Baltimore,36,121,98,11,21,13,4,0,4,10,17,0,17,41,6,0,0,1,0,0,0.214,0.364,0.378,0.741
deshide02,2020,Delino DeShields,27,Maj-AL,Cleveland,37,120,107,10,27,22,3,2,0,7,9,0,9,29,0,4,0,0,3,2,0.252,0.31,0.318,0.628
perazjo01,2020,José Peraza,26,Maj-AL,Boston,34,120,111,13,25,15,8,1,1,8,5,0,5,18,3,0,1,3,1,1,0.225,0.275,0.342,0.617
uriaslu01,2020,Luis Urías,23,Maj-NL,Milwaukee,41,120,109,11,26,21,4,1,0,11,10,0,10,32,1,0,0,4,2,2,0.239,0.308,0.294,0.602
gomesya01,2020,Yan Gomes,32,Maj-NL,Washington,30,119,109,14,31,20,6,1,4,13,6,0,6,22,1,0,3,1,1,0,0.284,0.319,0.468,0.787
carlsdy01,2020,Dylan Carlson,21,Maj-NL,St. Louis,35,119,110,11,22,11,7,1,3,16,8,0,8,35,0,0,1,3,1,1,0.2,0.252,0.364,0.616
quinnro01,2020,Roman Quinn,27,Maj-NL,Philadelphia,41,116,108,14,23,17,3,1,2,7,5,0,5,39,2,1,0,0,12,0,0.213,0.261,0.315,0.576
tuckeco01,2020,Cole Tucker,23,Maj-NL,Pittsburgh,37,116,109,17,24,20,3,0,1,8,5,0,5,31,0,1,1,3,1,0,0.22,0.252,0.275,0.527
marmojo01,2020,José Marmolejos,27,Maj-AL,Seattle,35,115,107,12,22,12,4,0,6,18,7,0,7,32,1,0,0,2,0,0,0.206,0.261,0.411,0.672
varshda01,2020,Daulton Varsho,23,Maj-NL,Arizona,37,115,101,16,19,9,5,2,3,9,12,0,12,33,2,0,0,1,3,1,0.188,0.287,0.366,0.653
judgeaa01,2020,Aaron Judge,28,Maj-AL,New York,28,114,101,23,26,14,3,0,9,22,10,0,10,32,2,0,0,5,0,1,0.257,0.336,0.555,0.891
hillisa01,2020,Sam Hilliard,26,Maj-NL,Colorado,36,114,105,13,22,12,2,2,6,10,9,0,9,42,0,0,0,0,3,0,0.21,0.272,0.438,0.71
kempto01,2020,Tony Kemp,28,Maj-AL,Oakland,49,114,93,15,23,18,5,0,0,4,15,0,15,14,3,1,2,0,3,1,0.247,0.363,0.301,0.664
mendida01,2020,Danny Mendick,26,Maj-AL,Chicago,33,114,107,11,26,18,4,1,3,6,6,0,6,25,0,0,1,3,0,1,0.243,0.281,0.383,0.664
stewadj01,2020,DJ Stewart,26,Maj-AL,Baltimore,31,112,88,13,17,8,2,0,7,15,20,0,20,38,2,2,0,0,0,0,0.193,0.355,0.455,0.809
brinsle01,2020,Lewis Brinson,26,Maj-NL,Miami,46,112,106,14,24,15,6,0,3,12,6,0,6,30,0,0,0,2,4,0,0.226,0.268,0.368,0.636
mccanja02,2020,James McCann,30,Maj-AL,Chicago,31,111,97,20,28,18,3,0,7,15,8,0,8,30,4,0,2,2,1,1,0.289,0.36,0.536,0.897
tauchmi01,2020,Mike Tauchman,29,Maj-AL,New York,43,111,95,18,23,17,6,0,0,14,14,3,11,26,1,0,1,3,6,0,0.242,0.342,0.305,0.648
bartjo01,2020,Joey Bart,23,Maj-NL,San Francisco,33,111,103,15,24,17,5,2,0,7,3,0,3,41,5,0,0,1,0,0,0.233,0.288,0.32,0.609
andruel01,2020,Elvis Andrus,31,Maj-AL,Texas,29,111,103,11,20,12,5,0,3,7,8,0,8,15,0,0,0,5,3,1,0.194,0.252,0.33,0.582
barnhtu01,2020,Tucker Barnhart,29,Maj-NL,Cincinnati,38,110,98,10,20,12,3,0,5,13,12,0,12,28,0,0,0,2,0,0,0.204,0.291,0.388,0.679
perezro02,2020,Roberto Pérez,31,Maj-AL,Cleveland,32,110,97,6,16,13,2,0,1,5,11,0,11,38,2,0,0,2,0,0,0.165,0.264,0.217,0.48
madrini01,2020,Nick Madrigal,23,Maj-AL,Chicago,29,109,103,8,35,32,3,0,0,11,4,0,4,7,2,0,0,5,2,1,0.34,0.376,0.369,0.745
wolteto01,2020,Tony Wolters,28,Maj-NL,Colorado,42,109,100,10,23,19,4,0,0,8,6,0,6,30,1,2,0,1,0,0,0.23,0.28,0.27,0.55
walshja01,2020,Jared Walsh,26,Maj-AL,Los Angeles,32,108,99,19,29,14,4,2,9,26,5,0,5,15,1,0,3,0,0,0,0.293,0.324,0.647,0.971
jonesja07,2020,JaCoby Jones,28,Maj-AL,Detroit,30,108,97,19,26,12,9,0,5,14,7,0,7,34,3,0,1,1,1,1,0.268,0.333,0.516,0.849
paredis01,2020,Isaac Paredes,21,Maj-AL,Detroit,34,108,100,7,22,17,4,0,1,6,8,0,8,24,0,0,0,1,0,0,0.22,0.278,0.29,0.568
calhowi01,2020,Willie Calhoun,25,Maj-AL,Texas,29,108,100,3,19,15,2,1,1,13,5,0,5,17,1,0,2,1,0,0,0.19,0.232,0.26,0.492
holtbr01,2020,Brock Holt,32,Maj-NL,"Milwaukee,Washington",36,106,95,12,20,14,6,0,0,5,9,0,9,24,1,0,1,3,1,0,0.211,0.283,0.274,0.557
rengilu01,2020,Luis Rengifo,23,Maj-AL,Los Angeles,33,106,90,12,14,12,1,0,1,3,14,0,14,26,0,2,0,2,3,1,0.156,0.269,0.2,0.469
stassma01,2020,Max Stassi,29,Maj-AL,Los Angeles,31,105,90,12,25,16,2,0,7,20,11,0,11,21,1,0,3,5,0,0,0.278,0.352,0.533,0.886
wadety01,2020,Tyler Wade,25,Maj-AL,New York,52,105,88,19,15,9,3,0,3,10,12,0,12,22,3,1,1,1,4,1,0.171,0.289,0.307,0.595
slateau01,2020,Austin Slater,27,Maj-NL,San Francisco,31,104,85,18,24,16,2,1,5,7,16,0,16,22,2,1,0,2,8,1,0.282,0.408,0.506,0.914
barneau01,2020,Austin Barnes,30,Maj-NL,Los Angeles,29,104,86,14,21,17,3,0,1,9,13,0,13,24,2,2,1,0,3,0,0.244,0.353,0.314,0.667
naylojo01,2020,Josh Naylor,23,"Maj-AL,Maj-NL","Cleveland,San Diego",40,104,97,13,24,19,3,1,1,6,5,0,5,12,1,0,0,2,1,0,0.247,0.291,0.33,0.621
fuentjo01,2020,Joshua Fuentes,27,Maj-NL,Colorado,30,103,98,14,30,21,7,0,2,17,2,0,2,29,1,0,2,1,1,0,0.306,0.32,0.439,0.759
bruceja01,2020,Jay Bruce,33,Maj-NL,Philadelphia,32,103,96,11,19,7,4,2,6,14,7,1,6,24,0,0,0,1,0,0,0.198,0.252,0.469,0.721
donaljo02,2020,Josh Donaldson,34,Maj-AL,Minnesota,28,102,81,14,18,10,2,0,6,11,18,1,17,24,2,0,1,4,0,0,0.222,0.373,0.469,0.842
gosseph01,2020,Phil Gosselin,31,Maj-NL,Philadelphia,39,102,92,14,23,15,5,0,3,12,10,1,9,27,0,0,0,3,0,0,0.25,0.324,0.402,0.726
wardta01,2020,Taylor Ward,26,Maj-AL,Los Angeles,34,102,94,16,26,18,6,2,0,5,8,0,8,28,0,0,0,1,2,0,0.277,0.333,0.383,0.716
rufda01,2020,Darin Ruf,33,Maj-NL,San Francisco,40,101,88,11,24,13,6,0,5,18,13,0,13,24,0,0,0,1,1,0,0.273,0.366,0.511,0.878
fowlede01,2020,Dexter Fowler,34,Maj-NL,St. Louis,31,101,90,14,21,15,2,0,4,15,10,0,10,28,1,0,0,2,1,1,0.233,0.317,0.389,0.706
maybica01,2020,Cameron Maybin,33,"Maj-AL,Maj-NL","Chicago,Detroit",32,101,93,8,23,13,8,1,1,7,7,0,7,25,1,0,0,4,3,0,0.247,0.307,0.387,0.694
olivaed02,2020,Edward Olivares,24,"Maj-AL,Maj-NL","Kansas City,San Diego",31,101,96,9,23,17,2,1,3,10,4,0,4,25,0,0,1,1,0,2,0.24,0.267,0.375,0.642
adriaeh01,2020,Ehire Adrianza,30,Maj-AL,Minnesota,44,101,89,10,17,10,7,0,0,3,11,0,11,23,1,0,0,3,1,0,0.191,0.287,0.27,0.557
kendrho01,2020,Howie Kendrick,36,Maj-NL,Washington,25,100,91,11,25,19,4,0,2,14,7,2,5,17,0,0,2,4,0,0,0.275,0.32,0.385,0.705
alfarjo01,2020,Jorge Alfaro,27,Maj-NL,Miami,31,100,93,12,21,16,2,0,3,16,4,1,3,36,3,0,0,2,2,0,0.226,0.28,0.344,0.624
taylomi02,2020,Michael A. Taylor,29,Maj-NL,Washington,38,99,92,11,18,7,6,0,5,16,6,0,6,27,1,0,0,2,0,0,0.196,0.253,0.424,0.676
lambja01,2020,Jake Lamb,29,"Maj-AL,Maj-NL","Arizona,Oakland",31,99,88,7,17,9,5,0,3,10,8,0,8,25,3,0,0,1,0,1,0.193,0.283,0.352,0.635
daviskh01,2020,Khris Davis,32,Maj-AL,Oakland,30,99,85,9,17,10,5,0,2,10,10,0,10,26,3,0,1,5,0,0,0.2,0.303,0.329,0.632
stewach02,2020,Christin Stewart,26,Maj-AL,Detroit,36,99,90,6,15,9,3,0,3,9,5,0,5,30,2,0,1,2,0,0,0.167,0.225,0.3,0.525
dahlda01,2020,David Dahl,26,Maj-NL,Colorado,24,99,93,9,17,13,2,2,0,9,4,0,4,28,1,0,1,0,1,0,0.183,0.222,0.247,0.47
brossmi01,2020,Mike Brosseau,26,Maj-AL,Tampa Bay,36,98,86,12,26,15,5,1,5,12,8,0,8,31,3,0,1,1,2,0,0.302,0.378,0.558,0.936
martijo08,2020,José Martínez,31,"Maj-AL,Maj-NL","Chicago,Tampa Bay",34,98,88,10,16,10,4,0,2,10,10,1,9,27,0,0,0,6,0,0,0.182,0.265,0.296,0.561
toroab01,2020,Abraham Toro,23,Maj-AL,Houston,33,97,87,13,13,8,2,0,3,9,3,0,3,23,7,0,0,1,1,1,0.149,0.237,0.276,0.513
hayeske01,2020,Ke'Bryan Hayes,23,Maj-NL,Pittsburgh,24,95,85,17,32,18,7,2,5,11,9,2,7,20,1,0,0,2,1,0,0.377,0.442,0.682,1.125
stantmi03,2020,Giancarlo Stanton,30,Maj-AL,New York,23,94,76,12,19,8,7,0,4,11,15,1,14,27,2,0,0,4,1,0,0.25,0.387,0.5,0.887
bonifjo01,2020,Jorge Bonifacio,27,Maj-AL,Detroit,30,94,86,8,19,14,3,0,2,17,5,0,5,26,2,0,1,1,0,0,0.221,0.277,0.326,0.602
sandopa01,2020,Pablo Sandoval,33,Maj-NL,"Atlanta,San Francisco",34,94,84,5,18,16,1,0,1,6,8,0,8,19,1,0,1,3,0,0,0.214,0.287,0.262,0.549
casalcu01,2020,Curt Casali,31,Maj-NL,Cincinnati,31,93,76,10,17,8,3,0,6,8,14,0,14,29,3,0,0,2,1,0,0.224,0.366,0.5,0.866
engelad01,2020,Adam Engel,28,Maj-AL,Chicago,36,93,88,11,26,17,5,1,3,12,3,0,3,19,2,0,0,1,1,0,0.296,0.333,0.477,0.811
perezmi03,2020,Michael Perez,27,Maj-AL,Tampa Bay,38,93,84,7,14,10,3,0,1,13,7,0,7,27,1,0,1,3,0,0,0.167,0.237,0.238,0.475
mercaos01,2020,Óscar Mercado,25,Maj-AL,Cleveland,36,93,86,6,11,9,1,0,1,6,5,0,5,27,0,1,1,0,3,0,0.128,0.174,0.174,0.348
dalbebo01,2020,Bobby Dalbec,25,Maj-AL,Boston,23,92,80,13,21,10,3,0,8,16,10,0,10,39,2,0,0,0,0,0,0.263,0.359,0.6,0.959
haselad01,2020,Adam Haseley,24,Maj-NL,Philadelphia,40,92,79,7,22,17,5,0,0,13,7,1,6,17,2,3,1,3,0,0,0.279,0.348,0.342,0.69
castrja01,2020,Jason Castro,33,"Maj-AL,Maj-NL","Los Angeles,San Diego",27,92,80,8,15,4,9,0,2,9,12,0,12,33,0,0,0,2,0,0,0.188,0.294,0.375,0.669
luplojo01,2020,Jordan Luplow,26,Maj-AL,Cleveland,29,92,78,8,15,7,5,1,2,8,12,0,12,19,1,0,1,3,0,1,0.192,0.304,0.359,0.663
harrijo05,2020,Josh Harrison,32,Maj-NL,Washington,33,91,79,11,22,17,2,0,3,14,6,0,6,12,4,0,2,2,1,2,0.279,0.352,0.418,0.769
plaweke01,2020,Kevin Plawecki,29,Maj-AL,Boston,24,89,82,8,28,21,5,1,1,17,5,0,5,14,2,0,0,4,1,0,0.342,0.393,0.463,0.857
knappan01,2020,Andrew Knapp,28,Maj-NL,Philadelphia,33,89,72,9,20,13,4,1,2,15,15,0,15,19,1,0,1,1,0,0,0.278,0.405,0.444,0.849
ervinph01,2020,Phil Ervin,27,"Maj-AL,Maj-NL","Cincinnati,Seattle",37,89,74,10,11,8,3,0,0,4,14,0,14,22,1,0,0,2,1,0,0.149,0.292,0.189,0.481
guzmaro01,2020,Ronald Guzmán,25,Maj-AL,Texas,26,86,78,10,19,13,1,1,4,9,7,0,7,24,1,0,0,0,1,0,0.244,0.314,0.436,0.75
strawmy01,2020,Myles Straw,25,Maj-AL,Houston,33,86,82,8,17,13,4,0,0,8,4,0,4,22,0,0,0,0,6,2,0.207,0.244,0.256,0.5
mcbrory01,2020,Ryan McBroom,28,Maj-AL,Kansas City,36,85,81,8,20,11,3,0,6,10,4,0,4,30,0,0,0,2,0,0,0.247,0.282,0.506,0.789
zuninmi01,2020,Mike Zunino,29,Maj-AL,Tampa Bay,28,84,75,8,11,3,4,0,4,10,6,0,6,37,3,0,0,0,0,0,0.147,0.238,0.36,0.598
santado01,2020,Domingo Santana,27,Maj-AL,Cleveland,24,84,70,6,11,6,3,0,2,12,13,0,13,25,1,0,0,2,0,0,0.157,0.298,0.286,0.583
fordmi01,2020,Mike Ford,27,Maj-AL,New York,29,84,74,5,10,4,4,0,2,11,7,0,7,16,2,0,1,4,0,0,0.135,0.226,0.27,0.497
riosed01,2020,Edwin Rios,26,Maj-NL,Los Angeles,32,83,76,13,19,5,6,0,8,17,4,0,4,18,2,0,1,2,0,0,0.25,0.301,0.645,0.946
hedgeau01,2020,Austin Hedges,27,"Maj-AL,Maj-NL","Cleveland,San Diego",35,83,69,7,10,6,1,0,3,6,6,0,6,23,2,5,1,3,1,0,0.145,0.231,0.29,0.521
locasti01,2020,Tim Locastro,27,Maj-NL,Arizona,33,82,69,15,20,13,4,1,2,7,8,0,8,14,4,1,0,0,4,0,0.29,0.395,0.464,0.859
trevijo01,2020,Jose Trevino,27,Maj-AL,Texas,24,82,75,10,19,9,8,0,2,9,3,0,3,14,1,1,2,1,0,0,0.253,0.284,0.44,0.724
osunajo01,2020,José Osuna,27,Maj-NL,Pittsburgh,26,82,78,6,16,9,3,0,4,11,4,0,4,16,0,0,0,1,0,1,0.205,0.244,0.397,0.641
gordode01,2020,Dee Strange-Gordon,32,Maj-AL,Seattle,33,82,75,12,15,14,1,0,0,3,5,0,5,13,2,0,0,1,3,2,0.2,0.268,0.213,0.482
chiriro01,2020,Robinson Chirinos,36,"Maj-AL,Maj-NL","New York,Texas",26,82,74,4,12,8,3,0,1,7,6,0,6,21,1,0,1,5,0,0,0.162,0.232,0.243,0.475
leonsa01,2020,Sandy León,31,Maj-AL,Cleveland,25,81,66,4,9,6,1,0,2,4,14,0,14,21,1,0,0,2,0,0,0.136,0.296,0.242,0.539
vogtst01,2020,Stephen Vogt,35,Maj-NL,Arizona,26,81,72,6,12,6,5,0,1,7,8,0,8,18,0,0,1,1,0,0,0.167,0.247,0.278,0.525
garvemi01,2020,Mitch Garver,29,Maj-AL,Minnesota,23,81,72,8,12,9,1,0,2,5,7,0,7,37,1,0,1,1,0,0,0.167,0.247,0.264,0.511
flowety01,2020,Tyler Flowers,34,Maj-NL,Atlanta,22,80,69,5,15,8,6,0,1,5,8,0,8,34,3,0,0,1,0,0,0.217,0.325,0.348,0.673
arauzjo01,2020,Jonathan Araúz,21,Maj-AL,Boston,25,80,72,8,18,15,2,0,1,9,8,0,8,21,0,0,0,0,0,0,0.25,0.325,0.319,0.644
vanmejo01,2020,Josh VanMeter,25,Maj-NL,"Arizona,Cincinnati",26,79,70,9,9,4,3,0,2,6,7,0,7,24,2,0,0,0,1,0,0.129,0.228,0.257,0.485
torrelu01,2020,Luis Torrens,24,"Maj-AL,Maj-NL","San Diego,Seattle",25,78,70,5,18,12,5,0,1,6,7,0,7,15,0,1,0,1,0,0,0.257,0.325,0.371,0.696
senzeni01,2020,Nick Senzel,25,Maj-NL,Cincinnati,23,78,70,8,13,5,6,0,2,8,6,0,6,15,0,0,1,2,2,1,0.186,0.247,0.357,0.604
tejedan01,2020,Anderson Tejeda,22,Maj-AL,Texas,23,77,75,7,19,11,4,1,3,8,2,0,2,30,0,0,0,2,4,1,0.253,0.273,0.453,0.726
velazan01,2020,Andrew Velazquez,25,Maj-AL,Baltimore,40,77,63,11,10,8,1,1,0,3,10,0,10,23,0,4,0,2,4,2,0.159,0.274,0.206,0.48
arozara01,2020,Randy Arozarena,25,Maj-AL,Tampa Bay,23,76,64,15,18,9,2,0,7,11,6,0,6,22,5,0,1,2,4,0,0.281,0.382,0.641,1.022
lowena01,2020,Nathaniel Lowe,24,Maj-AL,Tampa Bay,21,76,67,10,15,9,2,0,4,11,9,2,7,28,0,0,0,2,1,0,0.224,0.316,0.433,0.749
dietrde01,2020,Derek Dietrich,30,Maj-AL,Texas,25,75,61,9,12,6,1,0,5,8,9,0,9,21,5,0,0,4,1,0,0.197,0.347,0.459,0.806
diazel01,2020,Elias Díaz,29,Maj-NL,Colorado,26,73,68,4,16,12,2,0,2,9,5,0,5,15,0,0,0,4,0,0,0.235,0.288,0.353,0.641
smithdw02,2020,Dwight Smith Jr.,27,Maj-AL,Baltimore,21,72,63,9,14,9,3,0,2,6,7,1,6,19,1,0,1,1,1,0,0.222,0.306,0.365,0.671
garcigr01,2020,Greg Garcia,30,Maj-NL,San Diego,35,72,61,6,12,9,3,0,0,11,7,0,7,19,0,3,1,0,1,0,0.197,0.275,0.246,0.521
machivi01,2020,Vimael Machín,26,Maj-AL,Oakland,24,71,63,11,13,11,2,0,0,0,8,0,8,10,0,0,0,4,0,0,0.206,0.296,0.238,0.534
farmeky01,2020,Kyle Farmer,29,Maj-NL,Cincinnati,32,70,64,4,17,14,3,0,0,4,5,0,5,13,1,0,0,0,1,0,0.266,0.329,0.313,0.641
rojasjo01,2020,Josh Rojas,26,Maj-NL,Arizona,17,70,61,9,11,11,0,0,0,2,7,0,7,16,0,0,2,1,1,0,0.18,0.257,0.18,0.437
luxga01,2020,Gavin Lux,22,Maj-NL,Los Angeles,19,69,63,8,11,6,2,0,3,8,6,0,6,19,0,0,0,0,1,0,0.175,0.246,0.349,0.596
mathije01,2020,Jeff Mathis,37,Maj-AL,Texas,24,69,63,6,10,5,1,1,3,9,5,0,5,25,0,0,1,0,1,0,0.159,0.217,0.349,0.567
riddljt01,2020,JT Riddle,28,Maj-NL,Pittsburgh,23,69,67,8,10,7,2,0,1,1,2,0,2,13,0,0,0,0,1,0,0.149,0.174,0.224,0.398
guilllu01,2020,Luis Guillorme,25,Maj-NL,New York,29,68,57,6,19,13,6,0,0,9,10,0,10,17,0,0,1,3,2,0,0.333,0.427,0.439,0.865
garcijo02,2020,Jose Barrero,22,Maj-NL,Cincinnati,24,68,67,4,13,13,0,0,0,2,1,0,1,26,0,0,0,1,1,1,0.194,0.206,0.194,0.4
espinsa01,2020,Santiago Espinal,25,Maj-AL,Toronto,26,66,60,10,16,12,4,0,0,6,4,0,4,16,0,1,1,1,1,0,0.267,0.308,0.333,0.641
dysonja01,2020,Jarrod Dyson,35,"Maj-AL,Maj-NL","Chicago,Pittsburgh",32,66,61,9,11,11,0,0,0,5,4,0,4,11,0,1,0,0,6,0,0.18,0.231,0.18,0.411
andujmi01,2020,Miguel Andujar,25,Maj-AL,New York,21,65,62,5,15,11,2,1,1,5,3,0,3,9,0,0,0,1,0,0,0.242,0.277,0.355,0.632
trompch01,2020,Chadwick Tromp,25,Maj-NL,San Francisco,24,64,61,11,13,8,1,0,4,10,1,0,1,20,0,0,2,3,0,0,0.213,0.219,0.426,0.645
starlbu01,2020,Bubba Starling,27,Maj-AL,Kansas City,35,64,59,5,10,8,1,0,1,5,4,0,4,27,0,0,1,0,0,0,0.17,0.219,0.237,0.456
garcile02,2020,Leury Garcia,29,Maj-AL,Chicago,16,63,59,6,16,12,1,0,3,8,4,0,4,9,0,0,0,0,0,0,0.271,0.318,0.441,0.758
castrst01,2020,Starlin Castro,30,Maj-NL,Washington,16,63,60,9,16,10,3,1,2,4,3,0,3,13,0,0,0,0,0,0,0.267,0.302,0.45,0.752
hechaad01,2020,Adeiny Hechavarría,31,Maj-NL,Atlanta,27,63,59,7,15,12,3,0,0,2,4,0,4,12,0,0,0,1,0,0,0.254,0.302,0.305,0.607
santada01,2020,Danny Santana,29,Maj-AL,Texas,15,63,55,6,8,3,4,0,1,7,7,0,7,24,0,0,1,1,2,0,0.146,0.238,0.273,0.511
murphjr01,2020,John Ryan Murphy,29,Maj-NL,Pittsburgh,25,63,58,6,10,8,2,0,0,2,4,0,4,28,0,1,0,1,0,0,0.172,0.226,0.207,0.433
cervefr01,2020,Francisco Cervelli,34,Maj-NL,Miami,16,62,53,10,13,8,2,0,3,7,8,0,8,14,1,0,0,3,1,0,0.245,0.355,0.453,0.808
jeffery01,2020,Ryan Jeffers,23,Maj-AL,Minnesota,26,62,55,5,15,12,0,0,3,7,5,0,5,19,2,0,0,0,0,0,0.273,0.355,0.436,0.791
avilaal01,2020,Alex Avila,33,Maj-AL,Minnesota,23,62,49,6,9,6,2,0,1,2,11,0,11,22,2,0,0,2,0,0,0.184,0.355,0.286,0.641
chishja01,2020,Jazz Chisholm Jr.,22,Maj-NL,Miami,21,62,56,8,9,5,1,1,2,6,5,0,5,19,1,0,0,0,2,2,0.161,0.242,0.321,0.563
peterja01,2020,Jace Peterson,30,Maj-NL,Milwaukee,26,61,45,6,9,6,1,0,2,5,15,0,15,20,0,0,1,0,1,0,0.2,0.393,0.356,0.749
pindech01,2020,Chad Pinder,28,Maj-AL,Oakland,24,61,56,8,13,8,3,0,2,8,5,0,5,13,0,0,0,3,0,0,0.232,0.295,0.393,0.688
gallaca01,2020,Cam Gallagher,27,Maj-AL,Kansas City,25,60,53,10,15,9,5,0,1,3,6,0,6,11,0,1,0,0,0,0,0.283,0.356,0.434,0.79
bemboan01,2020,Anthony Bemboom,30,Maj-AL,Los Angeles,21,60,48,9,10,6,1,0,3,5,7,0,7,13,2,2,1,0,0,1,0.208,0.328,0.417,0.744
diazal02,2020,Aledmys Díaz,29,Maj-AL,Houston,17,59,58,8,14,6,5,0,3,6,1,0,1,12,0,0,0,1,0,0,0.241,0.254,0.483,0.737
phillbr02,2020,Brett Phillips,26,Maj-AL,"Kansas City,Tampa Bay",35,59,51,10,10,6,0,2,2,5,8,0,8,15,0,0,0,0,6,1,0.196,0.305,0.392,0.697
camerda01,2020,Daz Cameron,23,Maj-AL,Detroit,17,59,57,4,11,8,2,1,0,3,2,0,2,19,0,0,0,1,1,0,0.193,0.22,0.263,0.484
jayjo02,2020,Jon Jay,35,Maj-NL,Arizona,18,57,50,5,8,6,1,0,1,4,3,0,3,12,1,0,3,0,0,0,0.16,0.211,0.24,0.451
lintz02,2020,Tzu-Wei Lin,26,Maj-AL,Boston,26,57,52,2,8,7,1,0,0,3,2,0,2,17,0,2,1,1,0,0,0.154,0.182,0.173,0.355
aquinar01,2020,Aristides Aquino,26,Maj-NL,Cincinnati,23,56,47,7,8,5,1,0,2,8,6,0,6,18,3,0,0,1,1,0,0.17,0.304,0.319,0.623
pencehu01,2020,Hunter Pence,37,Maj-NL,San Francisco,17,56,52,4,5,2,0,1,2,6,3,0,3,15,1,0,0,3,0,0,0.096,0.161,0.25,0.411
greingr01,2020,Grayson Greiner,27,Maj-AL,Detroit,18,55,51,8,6,1,2,0,3,8,3,0,3,20,1,0,0,2,0,0,0.118,0.182,0.333,0.515
davisch02,2020,Chris Davis,34,Maj-AL,Baltimore,16,55,52,3,6,3,3,0,0,1,3,0,3,17,0,0,0,0,0,0,0.115,0.164,0.173,0.337
castrha01,2020,Harold Castro,26,Maj-AL,Detroit,22,54,49,6,17,13,4,0,0,3,5,0,5,11,0,0,0,1,0,0,0.347,0.407,0.429,0.836
arroych01,2020,Christian Arroyo,25,Maj-AL,"Boston,Cleveland",15,54,50,7,12,8,1,0,3,8,4,0,4,11,0,0,0,2,0,0,0.24,0.296,0.44,0.736
nottija01,2020,Jacob Nottingham,25,Maj-NL,Milwaukee,20,54,48,8,9,4,1,0,4,13,5,0,5,20,1,0,0,1,0,0,0.188,0.278,0.458,0.736
haggesa01,2020,Sam Haggerty,26,Maj-AL,Seattle,13,54,50,7,13,8,4,0,1,6,4,0,4,16,0,0,0,0,4,0,0.26,0.315,0.4,0.715
beatyma01,2020,Matt Beaty,27,Maj-NL,Los Angeles,21,54,50,8,11,8,1,0,2,5,2,0,2,14,2,0,0,3,0,0,0.22,0.278,0.36,0.638
vargail01,2020,Ildemaro Vargas,28,"Maj-AL,Maj-NL","Arizona,Chicago,Minnesota",24,54,51,6,10,7,1,1,1,3,2,0,2,10,0,0,1,2,0,0,0.196,0.222,0.314,0.536
heinesc01,2020,Scott Heineman,27,Maj-AL,Texas,24,54,52,6,8,4,3,0,1,7,2,0,2,11,0,0,0,1,3,0,0.154,0.185,0.269,0.454
sierrma01,2020,Magneuris Sierra,24,Maj-NL,Miami,19,53,44,8,11,7,3,1,0,7,5,0,5,9,1,2,1,0,4,1,0.25,0.333,0.364,0.697
croncj01,2020,C.J. Cron,30,Maj-AL,Detroit,13,52,42,9,8,1,3,0,4,8,9,0,9,16,1,0,0,2,0,0,0.191,0.346,0.548,0.894
estrath01,2020,Thairo Estrada,24,Maj-AL,New York,26,52,48,8,8,7,0,0,1,3,1,0,1,19,3,0,0,0,1,0,0.167,0.231,0.229,0.46
whiteel04,2020,Eli White,26,Maj-AL,Texas,19,52,48,5,9,7,2,0,0,3,3,0,3,16,0,0,1,0,1,1,0.188,0.231,0.229,0.46
beninan01,2020,Andrew Benintendi,25,Maj-AL,Boston,14,52,39,4,4,3,1,0,0,1,11,0,11,17,1,1,0,1,1,1,0.103,0.314,0.128,0.442
adamsma01,2020,Matt Adams,31,Maj-NL,Atlanta,16,51,49,4,9,5,2,0,2,9,2,0,2,18,0,0,0,3,0,0,0.184,0.216,0.347,0.563
harrimo01,2020,Monte Harrison,24,Maj-NL,Miami,32,51,47,8,8,6,1,0,1,3,4,0,4,26,0,0,0,0,6,0,0.17,0.235,0.255,0.491
zimmebr01,2020,Bradley Zimmer,27,Maj-AL,Cleveland,20,50,37,3,6,5,0,0,1,3,7,0,7,14,5,0,1,2,2,1,0.162,0.36,0.243,0.603
heinety01,2020,Tyler Heineman,29,Maj-NL,San Francisco,15,50,42,3,8,7,1,0,0,1,4,0,4,6,2,2,0,0,1,0,0.191,0.292,0.214,0.506
drurybr01,2020,Brandon Drury,27,Maj-AL,Toronto,21,49,46,3,7,6,1,0,0,1,2,0,2,9,0,0,1,0,0,0,0.152,0.184,0.174,0.358
higasky01,2020,Kyle Higashioka,30,Maj-AL,New York,16,48,48,7,12,7,1,0,4,10,0,0,0,11,0,0,0,0,0,0,0.25,0.25,0.521,0.771
wallach01,2020,Chad Wallach,28,Maj-NL,Miami,15,48,44,4,10,6,3,0,1,6,3,0,3,12,0,1,0,1,0,0,0.227,0.277,0.364,0.64
mayfija01,2020,Jack Mayfield,29,Maj-AL,Houston,21,48,43,5,8,7,1,0,0,3,2,0,2,15,1,1,1,1,0,0,0.186,0.234,0.209,0.443
stevean01,2020,Andrew Stevenson,26,Maj-NL,Washington,15,47,41,11,15,5,7,1,2,12,5,0,5,11,1,0,0,0,2,0,0.366,0.447,0.732,1.179
davidma02,2020,Matt Davidson,29,Maj-NL,Cincinnati,20,47,43,3,7,3,1,0,3,11,4,0,4,13,0,0,0,2,0,0,0.163,0.234,0.395,0.629
smithma05,2020,Mallex Smith,27,Maj-AL,Seattle,14,47,45,2,6,4,2,0,0,3,2,0,2,13,0,0,0,1,2,0,0.133,0.17,0.178,0.348
garnedu01,2020,Dustin Garneau,32,Maj-AL,Houston,17,46,38,4,6,4,0,1,1,4,6,0,6,15,0,2,0,1,0,0,0.158,0.273,0.29,0.562
evansph01,2020,Phillip Evans,27,Maj-NL,Pittsburgh,11,45,39,6,14,11,2,0,1,9,5,0,5,7,1,0,0,1,0,1,0.359,0.444,0.487,0.932
munozya01,2020,Yairo Muñoz,25,Maj-AL,Boston,12,45,45,6,15,9,5,0,1,4,0,0,0,11,0,0,0,1,2,0,0.333,0.333,0.511,0.844
pinama01,2020,Manny Piña,33,Maj-NL,Milwaukee,15,45,39,4,9,6,1,0,2,5,3,0,3,11,3,0,0,0,0,0,0.231,0.333,0.41,0.744
mcguire01,2020,Reese McGuire,25,Maj-AL,Toronto,19,45,41,2,3,2,0,0,1,1,0,0,0,11,0,4,0,1,0,0,0.073,0.073,0.146,0.22
owingch01,2020,Chris Owings,28,Maj-NL,Colorado,17,44,41,9,11,8,1,0,2,5,3,0,3,11,0,0,0,0,1,0,0.268,0.318,0.439,0.757
smithpa04,2020,Pavin Smith,24,Maj-NL,Arizona,12,44,37,7,10,8,0,1,1,4,5,0,5,8,0,0,2,0,1,0,0.27,0.341,0.405,0.746
wadela01,2020,LaMonte Wade Jr.,26,Maj-AL,Minnesota,16,44,39,3,9,6,3,0,0,1,4,0,4,9,1,0,0,0,1,1,0.231,0.318,0.308,0.626
odomjo01,2020,Joseph Odom,28,Maj-AL,Seattle,18,44,39,2,5,5,0,0,0,2,4,0,4,20,0,1,0,1,0,0,0.128,0.209,0.128,0.338
freemmi01,2020,Mike Freeman,32,Maj-AL,Cleveland,24,43,38,5,9,6,3,0,0,3,3,0,3,11,1,0,1,0,0,0,0.237,0.302,0.316,0.618
buterdr01,2020,Drew Butera,36,Maj-NL,Colorado,28,43,39,4,6,4,2,0,0,4,2,0,2,11,0,1,1,3,0,0,0.154,0.191,0.205,0.396
cordefr02,2020,Franchy Cordero,25,Maj-AL,Kansas City,16,42,38,7,8,3,3,0,2,7,4,0,4,4,0,0,0,1,1,0,0.211,0.286,0.447,0.733
mejiafr01,2020,Francisco Mejía,24,Maj-NL,San Diego,17,42,39,5,3,1,1,0,1,2,1,0,1,9,2,0,0,1,0,0,0.077,0.143,0.18,0.322
tayloty01,2020,Tyrone Taylor,26,Maj-NL,Milwaukee,22,41,38,6,9,3,4,0,2,6,2,0,2,8,1,0,0,1,0,0,0.237,0.293,0.5,0.793
walkene01,2020,Neil Walker,34,Maj-NL,Philadelphia,18,41,39,5,9,6,3,0,0,3,1,0,1,13,0,0,1,0,0,0,0.231,0.244,0.308,0.552
ravelra01,2020,Rangel Ravelo,28,Maj-NL,St. Louis,13,41,35,5,6,4,1,0,1,6,4,0,4,6,0,0,2,0,0,0,0.171,0.244,0.286,0.53
wietema01,2020,Matt Wieters,34,Maj-NL,St. Louis,19,41,35,3,7,6,1,0,0,4,3,0,3,10,2,1,0,1,0,0,0.2,0.3,0.229,0.529
alvared01,2020,Eddy Alvarez,30,Maj-NL,Miami,12,41,37,6,7,6,1,0,0,2,3,0,3,16,1,0,0,0,2,0,0.189,0.268,0.216,0.485
heimjo01,2020,Jonah Heim,25,Maj-AL,Oakland,13,41,38,5,8,8,0,0,0,5,3,0,3,3,0,0,0,1,0,0,0.211,0.268,0.211,0.479
diazle01,2020,Lewin Díaz,23,Maj-NL,Miami,14,41,39,2,6,4,2,0,0,3,2,0,2,12,0,0,0,2,0,0,0.154,0.195,0.205,0.4
thomala02,2020,Lane Thomas,24,Maj-NL,St. Louis,18,40,36,5,4,1,2,0,1,2,4,0,4,13,0,0,0,1,0,0,0.111,0.2,0.25,0.45
fishede01,2020,Derek Fisher,26,Maj-AL,Toronto,16,39,31,5,7,3,2,1,1,7,7,0,7,11,0,0,1,0,0,1,0.226,0.359,0.452,0.811
smithke04,2020,Kevan Smith,32,Maj-AL,Tampa Bay,17,38,31,3,8,4,3,0,1,8,5,0,5,11,1,0,0,1,0,0,0.258,0.378,0.452,0.83
forsylo01,2020,Logan Forsythe,33,Maj-NL,Miami,12,38,34,2,4,2,1,0,1,2,4,0,4,12,0,0,0,0,0,0,0.118,0.211,0.235,0.446
heredgu01,2020,Guillermo Heredia,29,Maj-NL,"New York,Pittsburgh",15,36,33,6,7,5,0,0,2,5,3,0,3,9,0,0,0,0,1,0,0.212,0.278,0.394,0.672
mathima01,2020,Mark Mathias,25,Maj-NL,Milwaukee,16,36,36,2,10,7,3,0,0,4,0,0,0,7,0,0,0,0,1,0,0.278,0.278,0.361,0.639
duggast01,2020,Steven Duggar,26,Maj-NL,San Francisco,21,36,34,3,6,4,2,0,0,3,1,0,1,11,1,0,0,1,1,0,0.177,0.222,0.235,0.458
hamilbi02,2020,Billy Hamilton,29,Maj-NL,"Chicago,New York",31,36,32,10,4,3,0,0,1,2,2,0,2,7,0,1,1,0,6,2,0.125,0.171,0.219,0.39
marisja01,2020,Jake Marisnick,29,Maj-NL,New York,16,34,33,4,11,6,3,0,2,5,1,0,1,10,0,0,0,0,0,0,0.333,0.353,0.606,0.959
davisjo05,2020,Jonathan Davis,28,Maj-AL,Toronto,13,34,27,4,7,4,2,0,1,6,3,0,3,11,2,0,1,1,1,0,0.259,0.364,0.444,0.808
youngan02,2020,Andrew Young,26,Maj-NL,Arizona,11,34,26,3,5,2,2,0,1,4,5,0,5,10,3,0,0,0,0,0,0.192,0.382,0.385,0.767
cespeyo01,2020,Yoenis Céspedes,34,Maj-NL,New York,8,34,31,3,5,2,1,0,2,4,2,0,2,15,1,0,0,1,0,0,0.161,0.235,0.387,0.622
refsnro01,2020,Rob Refsnyder,29,Maj-AL,Texas,15,34,30,4,6,5,1,0,0,1,2,0,2,11,1,0,1,0,0,0,0.2,0.265,0.233,0.498
bishobr01,2020,Braden Bishop,26,Maj-AL,Seattle,12,34,30,2,5,3,2,0,0,4,2,0,2,10,1,1,0,0,1,0,0.167,0.242,0.233,0.476
almoral01,2020,Albert Almora,26,Maj-NL,Chicago,28,34,30,4,5,4,1,0,0,1,3,0,3,9,1,0,0,0,0,0,0.167,0.265,0.2,0.465
huffsa01,2020,Sam Huff,22,Maj-AL,Texas,10,33,31,5,11,5,3,0,3,4,2,0,2,11,0,0,0,0,0,0,0.355,0.394,0.742,1.136
mathiwy01,2020,Wyatt Mathisen,26,Maj-NL,Arizona,9,33,27,5,6,4,0,0,2,5,5,0,5,12,1,0,0,0,0,0,0.222,0.364,0.444,0.808
demertr01,2020,Travis Demeritte,25,Maj-AL,Detroit,18,33,29,5,5,4,1,0,0,4,3,0,3,14,1,0,0,0,0,0,0.172,0.273,0.207,0.48
holadbr01,2020,Bryan Holaday,32,Maj-AL,Baltimore,20,33,31,5,5,4,1,0,0,4,2,0,2,9,0,0,0,1,0,0,0.161,0.212,0.194,0.406
allengr01,2020,Greg Allen,27,"Maj-AL,Maj-NL","Cleveland,San Diego",16,32,26,4,4,2,1,0,1,4,3,0,3,10,2,0,1,0,2,0,0.154,0.281,0.308,0.589
allenau01,2020,Austin Allen,26,Maj-AL,Oakland,14,32,31,1,6,4,1,0,1,3,1,0,1,14,0,0,0,0,0,0,0.194,0.219,0.323,0.541
souzast01,2020,Steven Souza Jr.,31,Maj-NL,Chicago,11,31,27,3,4,1,2,0,1,5,4,0,4,15,0,0,0,0,1,0,0.148,0.258,0.333,0.591
kratzer01,2020,Erik Kratz,40,Maj-AL,New York,16,30,28,2,9,7,2,0,0,4,2,0,2,6,0,0,0,0,0,0,0.321,0.367,0.393,0.76
alforan01,2020,Anthony Alford,25,"Maj-AL,Maj-NL","Pittsburgh,Toronto",18,29,28,5,6,3,0,1,2,7,1,0,1,8,0,0,0,0,3,0,0.214,0.241,0.5,0.741
fraleja01,2020,Jake Fraley,25,Maj-AL,Seattle,7,29,26,3,4,2,1,1,0,0,2,0,2,11,1,0,0,0,2,1,0.154,0.241,0.269,0.511
sanchje02,2020,Jesús Sánchez,22,Maj-NL,Miami,10,29,25,1,1,0,1,0,0,2,4,0,4,11,0,0,0,1,0,0,0.04,0.172,0.08,0.252
hernaya01,2020,Yadiel Hernández,32,Maj-NL,Washington,12,28,26,3,5,1,3,0,1,6,1,0,1,12,0,0,1,0,0,0,0.192,0.214,0.423,0.637
morrilo01,2020,Logan Morrison,32,Maj-NL,Milwaukee,9,28,25,3,3,1,1,0,1,2,3,0,3,8,0,0,0,0,0,0,0.12,0.214,0.28,0.494
mateojo01,2020,Jorge Mateo,25,Maj-NL,San Diego,22,28,26,4,4,1,3,0,0,2,1,0,1,11,0,1,0,1,1,0,0.154,0.185,0.269,0.454
barrefr02,2020,Franklin Barreto,24,Maj-AL,"Los Angeles,Oakland",21,28,27,5,2,2,0,0,0,2,0,0,0,15,1,0,0,0,1,0,0.074,0.107,0.074,0.181
uriasra01,2020,Ramón Urías,26,Maj-AL,Baltimore,10,27,25,3,9,6,2,0,1,3,2,0,2,6,0,0,0,1,0,0,0.36,0.407,0.56,0.967
nidoto01,2020,Tomás Nido,26,Maj-NL,New York,7,26,24,4,7,4,1,0,2,6,2,0,2,6,0,0,0,2,0,0,0.292,0.346,0.583,0.93
kirkal01,2020,Alejandro Kirk,21,Maj-AL,Toronto,9,25,24,4,9,6,2,0,1,3,1,0,1,4,0,0,0,0,0,0,0.375,0.4,0.583,0.983
thaisma01,2020,Matt Thaiss,25,Maj-AL,Los Angeles,8,25,21,3,3,2,0,0,1,1,4,0,4,8,0,0,0,1,0,0,0.143,0.28,0.286,0.566
roberda10,2020,Daniel Robertson,26,Maj-NL,San Francisco,13,24,21,4,7,7,0,0,0,2,3,0,3,6,0,0,0,0,0,0,0.333,0.417,0.333,0.75
vilorme01,2020,Meibrys Viloria,23,Maj-AL,Kansas City,15,24,21,1,4,3,1,0,0,0,2,0,2,9,1,0,0,0,0,0,0.191,0.292,0.238,0.53
colonch01,2020,Christian Colón,31,Maj-NL,Cincinnati,11,24,23,3,3,2,1,0,0,2,1,0,1,3,0,0,0,1,1,0,0.13,0.167,0.174,0.341
taylobe11,2020,Beau Taylor,30,Maj-AL,Cleveland,7,24,21,1,1,1,0,0,0,2,2,0,2,9,0,1,0,0,0,0,0.048,0.13,0.048,0.178
alcanse01,2020,Sergio Alcántara,23,Maj-AL,Detroit,10,23,21,2,3,1,0,1,1,1,2,0,2,4,0,0,0,0,0,0,0.143,0.217,0.381,0.598
garliky01,2020,Kyle Garlick,28,Maj-NL,Philadelphia,12,23,22,0,3,2,1,0,0,3,0,0,0,7,1,0,0,0,0,0,0.136,0.174,0.182,0.356
jonesta01,2020,Taylor Jones,26,Maj-AL,Houston,7,22,21,3,4,2,1,0,1,3,1,0,1,7,0,0,0,2,0,0,0.191,0.227,0.381,0.608
mercejo03,2020,Jordy Mercer,33,Maj-AL,"Detroit,New York",9,22,20,2,4,4,0,0,0,0,2,0,2,2,0,0,0,1,0,0,0.2,0.273,0.2,0.473
delmoni01,2020,Nicky Delmonico,27,Maj-AL,Chicago,6,22,20,0,3,3,0,0,0,3,2,0,2,2,0,0,0,2,0,0,0.15,0.227,0.15,0.377
diazis01,2020,Isan Díaz,24,Maj-NL,Miami,7,22,22,3,4,4,0,0,0,1,0,0,0,7,0,0,0,0,0,0,0.182,0.182,0.182,0.364
sanchca01,2020,Yolmer Sanchez,28,Maj-AL,Chicago,11,21,16,7,5,1,3,0,1,1,5,0,5,5,0,0,0,1,0,0,0.313,0.476,0.688,1.164
rookebr01,2020,Brent Rooker,25,Maj-AL,Minnesota,7,21,19,4,6,3,2,0,1,5,0,0,0,5,2,0,0,0,0,0,0.316,0.381,0.579,0.96
cainlo01,2020,Lorenzo Cain,34,Maj-NL,Milwaukee,5,21,18,4,6,5,1,0,0,2,3,1,2,2,0,0,0,1,0,0,0.333,0.429,0.389,0.818
apostsh01,2020,Sherten Apostel,21,Maj-AL,Texas,7,21,20,1,2,1,1,0,0,0,1,0,1,9,0,0,0,0,0,0,0.1,0.143,0.15,0.293
rodgebr02,2020,Brendan Rodgers,23,Maj-NL,Colorado,7,21,21,1,2,1,1,0,0,2,0,0,0,6,0,0,0,0,0,0,0.095,0.095,0.143,0.238
stephty01,2020,Tyler Stephenson,23,Maj-NL,Cincinnati,8,20,17,4,5,3,0,0,2,6,2,0,2,9,1,0,0,0,0,0,0.294,0.4,0.647,1.047
paytoma01,2020,Mark Payton,28,Maj-NL,Cincinnati,8,20,18,0,3,2,1,0,0,0,2,0,2,5,0,0,0,1,1,0,0.167,0.25,0.222,0.472
hudsojo03,2020,Joe Hudson,29,Maj-AL,Seattle,9,20,17,0,3,3,0,0,0,0,2,0,2,5,0,1,0,0,0,0,0.177,0.263,0.177,0.44
cronke01,2020,Kevin Cron,27,Maj-NL,Arizona,8,20,17,0,0,0,0,0,0,0,1,0,1,7,2,0,0,0,0,0,0,0.15,0,0.15
haaseer01,2020,Eric Haase,27,Maj-AL,Detroit,7,19,17,1,3,3,0,0,0,2,1,0,1,6,0,0,1,0,0,0,0.177,0.211,0.177,0.387
moniami01,2020,Mickey Moniak,22,Maj-NL,Philadelphia,8,18,14,3,3,3,0,0,0,0,4,0,4,6,0,0,0,0,0,0,0.214,0.389,0.214,0.603
heathni01,2020,Nick Heath,26,Maj-AL,Kansas City,15,18,13,2,2,1,1,0,0,3,2,0,2,6,1,1,0,0,2,2,0.154,0.313,0.231,0.543
basablu01,2020,Luis Alexander Basabe,23,Maj-NL,San Francisco,9,18,14,5,2,2,0,0,0,1,4,0,4,5,0,0,0,0,2,0,0.143,0.333,0.143,0.476
phegljo01,2020,Josh Phegley,32,Maj-NL,Chicago,11,18,16,4,1,0,0,0,1,2,1,0,1,3,1,0,0,0,0,0,0.063,0.167,0.25,0.417
willima10,2020,Mason Williams,28,Maj-AL,Baltimore,10,18,18,0,2,1,0,1,0,0,0,0,0,9,0,0,0,0,0,1,0.111,0.111,0.222,0.333
difowi01,2020,Wilmer Difo,28,Maj-NL,Washington,12,18,14,1,1,1,0,0,0,1,3,0,3,4,0,0,1,0,0,0,0.071,0.222,0.071,0.294
colliza01,2020,Zack Collins,25,Maj-AL,Chicago,9,18,16,1,1,0,1,0,0,0,2,0,2,5,0,0,0,0,0,0,0.063,0.167,0.125,0.292
nollja01,2020,Jake Noll,26,Maj-NL,Washington,7,17,17,2,6,5,1,0,0,0,0,0,0,4,0,0,0,1,0,0,0.353,0.353,0.412,0.765
kniznan01,2020,Andrew Knizner,25,Maj-NL,St. Louis,8,17,16,1,4,3,1,0,0,4,0,0,0,5,0,0,1,2,0,0,0.25,0.235,0.313,0.548
schroma01,2020,Max Schrock,25,Maj-NL,St. Louis,11,17,17,1,3,2,0,0,1,1,0,0,0,6,0,0,0,0,0,0,0.177,0.177,0.353,0.529
jankotr01,2020,Travis Jankowski,29,Maj-NL,Cincinnati,16,17,15,3,1,1,0,0,0,0,2,0,2,7,0,0,0,1,2,1,0.067,0.177,0.067,0.243
astudwi01,2020,Willians Astudillo,28,Maj-AL,Minnesota,8,16,16,4,4,2,1,0,1,3,0,0,0,2,0,0,0,0,0,0,0.25,0.25,0.5,0.75
olivaja01,2020,Jared Oliva,24,Maj-NL,Pittsburgh,6,16,16,0,3,3,0,0,0,0,0,0,0,6,0,0,0,0,1,0,0.188,0.188,0.188,0.375
doziebr01,2020,Brian Dozier,33,Maj-NL,New York,7,16,15,1,2,2,0,0,0,0,1,0,1,5,0,0,0,1,0,0,0.133,0.188,0.133,0.321
mejiaer01,2020,Erick Mejia,25,Maj-AL,Kansas City,8,16,14,1,1,0,1,0,0,0,0,0,0,7,0,1,0,0,1,0,0.071,0.071,0.143,0.214
onajo01,2020,Jorge Oña,23,Maj-NL,San Diego,5,15,12,3,3,1,1,0,1,2,2,0,2,7,1,0,0,0,0,0,0.25,0.4,0.583,0.983
waltodo01,2020,Donovan Walton,26,Maj-AL,Seattle,5,14,13,0,2,1,1,0,0,3,1,0,1,5,0,0,0,1,0,1,0.154,0.214,0.231,0.445
dixonbr01,2020,Brandon Dixon,28,Maj-AL,Detroit,5,14,13,0,1,0,1,0,0,2,1,0,1,4,0,0,0,1,0,0,0.077,0.143,0.154,0.297
changyu01,2020,Yu Chang,24,Maj-AL,Cleveland,10,13,11,1,2,2,0,0,0,1,2,0,2,4,0,0,0,2,0,0,0.182,0.308,0.182,0.49
almonab01,2020,Abraham Almonte,31,Maj-NL,San Diego,7,13,11,0,1,1,0,0,0,0,2,0,2,4,0,0,0,0,1,1,0.091,0.231,0.091,0.322
rodrise01,2020,Sean Rodríguez,35,Maj-NL,Miami,4,13,13,0,2,2,0,0,0,0,0,0,0,6,0,0,0,0,0,0,0.154,0.154,0.154,0.308
johnsda07,2020,Daniel Johnson,24,Maj-AL,Cleveland,5,13,12,0,1,1,0,0,0,0,1,1,0,5,0,0,0,0,0,0,0.083,0.154,0.083,0.237
davisja03,2020,Jaylin Davis,25,Maj-NL,San Francisco,4,12,12,2,2,1,0,0,1,1,0,0,0,6,0,0,0,0,0,0,0.167,0.167,0.417,0.583
gutieke01,2020,Kelvin Gutiérrez,25,Maj-AL,Kansas City,4,12,9,0,1,1,0,0,0,0,3,0,3,6,0,0,0,0,0,0,0.111,0.333,0.111,0.444
hillde01,2020,Derek Hill,24,Maj-AL,Detroit,15,12,11,3,1,1,0,0,0,0,1,0,1,6,0,0,0,0,0,0,0.091,0.167,0.091,0.258
puellce01,2020,César Puello,29,Maj-AL,Boston,5,11,8,1,3,3,0,0,0,0,2,0,2,2,0,1,0,0,0,0,0.375,0.5,0.375,0.875
lavarry01,2020,Ryan Lavarnway,32,Maj-NL,Miami,5,11,11,0,4,4,0,0,0,0,0,0,0,2,0,0,0,0,0,0,0.364,0.364,0.364,0.727
lugoda01,2020,Dawel Lugo,25,Maj-AL,Detroit,9,11,10,3,2,2,0,0,0,1,1,0,1,1,0,0,0,1,0,0,0.2,0.273,0.2,0.473
ramirha02,2020,Harold Ramírez,25,Maj-NL,Miami,3,11,10,2,2,2,0,0,0,1,1,0,1,2,0,0,0,0,0,0,0.2,0.273,0.2,0.473
martija03,2020,Jason Martin,24,Maj-NL,Pittsburgh,7,11,9,2,0,0,0,0,0,0,2,0,2,4,0,0,0,0,0,0,0,0.182,0,0.182
reynoma03,2020,Matt Reynolds,29,Maj-AL,Kansas City,3,11,11,1,0,0,0,0,0,0,0,0,0,7,0,0,0,0,0,0,0,0,0,0
contrwi02,2020,William Contreras,22,Maj-NL,Atlanta,4,10,10,0,4,3,1,0,0,1,0,0,0,4,0,0,0,0,0,0,0.4,0.4,0.5,0.9
hermomi01,2020,Michael Hermosillo,25,Maj-AL,Los Angeles,7,10,8,0,2,2,0,0,0,2,1,0,1,1,0,0,1,0,1,0,0.25,0.3,0.25,0.55
sanchal04,2020,Ali Sánchez,23,Maj-NL,New York,5,10,9,0,1,1,0,0,0,0,1,0,1,3,0,0,0,2,0,0,0.111,0.2,0.111,0.311
stubbga01,2020,Garrett Stubbs,27,Maj-AL,Houston,14,10,8,1,1,1,0,0,0,1,0,0,0,0,0,1,1,0,0,1,0.125,0.111,0.125,0.236
goinsry01,2020,Ryan Goins,32,Maj-AL,Chicago,14,10,9,4,0,0,0,0,0,0,1,0,1,1,0,0,0,0,0,0,0,0.1,0,0.1
mccarjo04,2020,Joe McCarthy,26,Maj-NL,San Francisco,4,10,10,0,0,0,0,0,0,0,0,0,0,5,0,0,0,0,0,0,0,0,0,0
marchra01,2020,Rafael Marchán,21,Maj-NL,Philadelphia,3,9,8,3,4,3,0,0,1,3,1,0,1,2,0,0,0,0,0,0,0.5,0.556,0.875,1.431
alvaryo01,2020,Yordan Alvarez,23,Maj-AL,Houston,2,9,8,2,2,1,0,0,1,4,0,0,0,1,1,0,0,1,0,0,0.25,0.333,0.625,0.958
josepca01,2020,Caleb Joseph,34,Maj-AL,Toronto,3,9,8,2,1,0,0,0,1,2,1,0,1,1,0,0,0,0,0,0,0.125,0.222,0.5,0.722
ruizke01,2020,Keibert Ruiz,21,Maj-NL,Los Angeles,2,8,8,1,2,1,0,0,1,1,0,0,0,3,0,0,0,0,0,0,0.25,0.25,0.625,0.875
cordery01,2020,Ryan Cordell,28,Maj-NL,New York,5,8,8,0,1,1,0,0,0,0,0,0,0,3,0,0,0,0,1,0,0.125,0.125,0.125,0.25
deanau01,2020,Austin Dean,26,Maj-NL,St. Louis,3,7,4,1,1,0,1,0,0,0,3,0,3,2,0,0,0,0,0,0,0.25,0.571,0.5,1.071
sotoel01,2020,Elliot Soto,30,Maj-AL,Los Angeles,3,7,6,2,2,1,1,0,0,0,1,0,1,1,0,0,0,0,0,0,0.333,0.429,0.5,0.929
jonesja08,2020,Jahmai Jones,22,Maj-AL,Los Angeles,3,7,7,2,3,3,0,0,0,1,0,0,0,2,0,0,0,0,0,0,0.429,0.429,0.429,0.857
jacksal02,2020,Alex Jackson,24,Maj-NL,Atlanta,5,7,7,0,2,1,1,0,0,0,0,0,0,4,0,0,0,1,0,0,0.286,0.286,0.429,0.714
mckinza01,2020,Zach McKinstry,25,Maj-NL,Los Angeles,4,7,7,1,2,1,1,0,0,0,0,0,0,3,0,0,0,1,0,0,0.286,0.286,0.429,0.714
culbech01,2020,Charlie Culberson,31,Maj-NL,Atlanta,9,7,7,2,1,0,1,0,0,1,0,0,0,4,0,0,0,0,0,0,0.143,0.143,0.286,0.429
torrero01,2020,Ronald Torreyes,27,Maj-NL,Philadelphia,4,7,7,1,1,0,1,0,0,0,0,0,0,0,0,0,0,1,0,0,0.143,0.143,0.286,0.429
healyry01,2020,Ryon Healy,28,Maj-NL,Milwaukee,4,7,7,0,1,1,0,0,0,0,0,0,0,2,0,0,0,0,0,0,0.143,0.143,0.143,0.286
garciad02,2020,Adolis García,27,Maj-AL,Texas,3,7,6,0,0,0,0,0,0,0,1,0,1,4,0,0,0,0,0,0,0,0.143,0,0.143
orfna01,2020,Nate Orf,30,Maj-AL,Oakland,6,7,7,1,0,0,0,0,0,0,0,0,0,1,0,0,0,0,0,0,0,0,0,0
bricejo01,2020,José Briceño,27,Maj-AL,Los Angeles,2,6,5,0,1,1,0,0,0,0,1,0,1,1,0,0,0,0,0,0,0.2,0.333,0.2,0.533
williju02,2020,Justin Williams,24,Maj-NL,St. Louis,3,6,5,0,1,1,0,0,0,0,1,0,1,2,0,0,0,0,0,0,0.2,0.333,0.2,0.533
perezhe01,2020,Hernán Pérez,29,Maj-NL,Chicago,3,6,6,0,1,1,0,0,0,0,0,0,0,2,0,0,0,0,0,0,0.167,0.167,0.167,0.333
herredi01,2020,Dilson Herrera,26,Maj-AL,Baltimore,3,6,5,0,0,0,0,0,0,0,0,0,0,4,1,0,0,0,0,0,0,0.167,0,0.167
rickajo01,2020,Joey Rickard,29,Maj-NL,San Francisco,4,6,5,1,0,0,0,0,0,0,1,0,1,1,0,0,0,0,0,0,0,0.167,0,0.167
ogradbr01,2020,Brian O'Grady,28,Maj-AL,Tampa Bay,2,5,5,2,2,1,1,0,0,0,0,0,0,1,0,0,0,0,1,0,0.4,0.4,0.6,1
navarbr01,2020,Brian Navarreto,25,Maj-NL,Miami,2,5,5,0,2,2,0,0,0,0,0,0,0,1,0,0,0,0,0,0,0.4,0.4,0.4,0.8
brownse01,2020,Seth Brown,27,Maj-AL,Oakland,7,5,5,0,0,0,0,0,0,0,0,0,0,2,0,0,0,0,0,0,0,0,0,0
riverya01,2020,Yadiel Rivera,28,Maj-AL,Texas,4,5,5,0,0,0,0,0,0,0,0,0,0,1,0,0,0,0,1,0,0,0,0,0
campulu01,2020,Luis Campusano,21,Maj-NL,San Diego,1,4,3,2,1,0,0,0,1,1,0,0,0,2,1,0,0,0,0,0,0.333,0.5,1.333,1.833
blanktr01,2020,Travis Blankenhorn,23,Maj-AL,Minnesota,1,4,3,0,1,0,1,0,0,0,0,0,0,0,1,0,0,0,0,0,0.333,0.5,0.667,1.167
hernaos01,2020,Óscar Hernández,26,Maj-AL,Kansas City,4,4,4,1,2,2,0,0,0,0,0,0,0,1,0,0,0,1,0,0,0.5,0.5,0.5,1
grullde01,2020,Deivy Grullón,24,Maj-AL,Boston,1,4,3,0,1,1,0,0,0,1,1,0,1,1,0,0,0,0,0,0,0.333,0.5,0.333,0.833
rominan01,2020,Andrew Romine,34,Maj-AL,Texas,2,4,4,1,1,0,1,0,0,0,0,0,0,1,0,0,0,0,0,0,0.25,0.25,0.5,0.75
nogowjo01,2020,John Nogowski,27,Maj-NL,St. Louis,1,4,4,0,1,1,0,0,0,0,0,0,0,1,0,0,0,0,0,0,0.25,0.25,0.25,0.5
pachecr01,2020,Cristian Pache,21,Maj-NL,Atlanta,2,4,4,0,1,1,0,0,0,0,0,0,0,2,0,0,0,0,0,0,0.25,0.25,0.25,0.5
riverre01,2020,René Rivera,36,Maj-NL,New York,2,4,4,0,1,1,0,0,0,0,0,0,0,3,0,0,0,0,0,0,0.25,0.25,0.25,0.5
susacan01,2020,Andrew Susac,30,Maj-NL,Pittsburgh,1,4,2,0,0,0,0,0,0,0,2,0,2,0,0,0,0,0,0,0,0,0.5,0,0.5
craigwi01,2020,Will Craig,25,Maj-NL,Pittsburgh,2,4,4,0,0,0,0,0,0,0,0,0,0,1,0,0,0,0,0,0,0,0,0,0
mckinbi01,2020,Billy McKinney,25,Maj-AL,Toronto,2,3,3,1,2,2,0,0,0,0,0,0,0,0,0,0,0,0,0,0,0.667,0.667,0.667,1.333
flories01,2020,Estevan Florial,22,Maj-AL,New York,1,3,3,0,1,1,0,0,0,0,0,0,0,2,0,0,0,0,0,0,0.333,0.333,0.333,0.667
bonifem01,2020,Emilio Bonifácio,35,Maj-NL,Washington,3,3,3,1,0,0,0,0,0,0,0,0,0,2,0,0,0,0,0,1,0,0,0,0
brantro01,2020,Rob Brantly,30,Maj-NL,San Francisco,1,3,3,0,0,0,0,0,0,0,0,0,0,0,0,0,0,0,0,0,0,0,0,0
nunezed02,2020,Eduardo Núñez,33,Maj-NL,New York,2,2,2,0,1,1,0,0,0,0,0,0,0,0,0,0,0,0,1,0,0.5,0.5,0.5,1
gonzalu03,2020,Luis González,24,Maj-AL,Chicago,3,2,1,1,0,0,0,0,0,0,0,0,0,1,1,0,0,0,0,0,0,0.5,0,0.5
wisdopa01,2020,Patrick Wisdom,28,Maj-NL,Chicago,2,2,2,0,0,0,0,0,0,0,0,0,0,0,0,0,0,0,0,0,0,0,0,0
adamsau02,2020,Austin Adams,29,Maj-NL,San Diego,1,1,1,0,0,0,0,0,0,0,0,0,0,1,0,0,0,0,0,0,0,0,0,0
cuthbch01,2020,Cheslor Cuthbert,27,Maj-AL,Chicago,1,1,1,0,0,0,0,0,0,0,0,0,0,0,0,0,0,0,0,0,0,0,0,0
hillti01,2020,Tim Hill,30,Maj-NL,San Diego,1,1,1,0,0,0,0,0,0,0,0,0,0,1,0,0,0,0,0,0,0,0,0,0
merceye01,2020,Yermín Mercedes,27,Maj-AL,Chicago,1,1,1,0,0,0,0,0,0,0,0,0,0,0,0,0,0,0,0,0,0,0,0,0
millsal02,2020,Alec Mills,28,Maj-NL,Chicago,1,1,1,0,0,0,0,0,0,0,0,0,0,1,0,0,0,0,0,0,0,0,0,0
schebsc01,2020,Scott Schebler,29,Maj-NL,Atlanta,1,1,1,0,0,0,0,0,0,0,0,0,0,0,0,0,0,0,0,0,0,0,0,0
whiteaa01,2020,Aaron Whitefield,23,Maj-AL,Minnesota,3,1,1,1,0,0,0,0,0,0,0,0,0,0,0,0,0,0,0,0,0,0,0,0
lorenmi01,2020,Michael Lorenzen,28,Maj-NL,Cincinnati,6,1,0,2,0,0,0,0,0,0,0,0,0,0,1,0,0,0,0,0,NA,1,NA,NA
gorete01,2020,Terrance Gore,29,Maj-NL,Los Angeles,2,0,0,0,0,0,0,0,0,0,0,0,0,0,0,0,0,0,0,0,NA,NA,NA,NA
holdejo02,2020,Jonathan Holder,27,Maj-AL,New York,1,0,0,1,0,0,0,0,0,0,0,0,0,0,0,0,0,0,0,0,NA,NA,NA,NA
kolarad01,2020,Adam Kolarek,31,Maj-NL,Los Angeles,1,0,0,0,0,0,0,0,0,0,0,0,0,0,0,0,0,0,0,0,NA,NA,NA,NA
lagarju01,2020,Juan Lagares,31,Maj-NL,New York,2,0,0,0,0,0,0,0,0,0,0,0,0,0,0,0,0,0,0,0,NA,NA,NA,NA
lakintr01,2020,Travis Lakins Sr.,26,Maj-AL,Baltimore,1,0,0,1,0,0,0,0,0,0,0,0,0,0,0,0,0,0,0,0,NA,NA,NA,NA
lucrojo01,2020,Jonathan Lucroy,34,Maj-AL,Boston,1,0,0,0,0,0,0,0,0,0,0,0,0,0,0,0,0,0,0,0,NA,NA,NA,NA
milleia01,2020,Ian Miller,28,Maj-NL,Chicago,1,0,0,0,0,0,0,0,0,0,0,0,0,0,0,0,0,0,0,0,NA,NA,NA,NA
